Номер подъезда;Номер квартиры;Общая площадь;Полезная площадь;Количество комнат;Фамилия квартиросъемщика;Дата прописки;Количество членов семьи;Количество детей;Есть задолженность;Примечание
5;33;43,54;23;1;Голубева;09.09.2016;4;2;;
2;51;99,44;73,97;3;Уткин-Кряков;26.03.2023;3;1;Есть задолженность;Обманывает.
1;64;66,7;46,53;3;Некрасов;07.05.2022;5;2;Есть задолженность;Слишком требовательный.
1;74;50,66;31,73;4;Филатов;28.11.2017;3;1;Есть задолженность;Непредсказуемый.
5;38;79,9;43;1;Игнатова;09.01.2020;4;0;Есть задолженность;
2;99;95,89;78,04;4;Миронов;21.12.2022;3;2;;Не проветривает помещение.
2;76;43,31;37,96;3;Савельева;01.02.2022;5;0;Есть задолженность;Завистливый.
1;19;95,5;80,88;2;Колосов;03.06.2017;2;0;;Забивает канализацию.
2;17;66,37;52,67;4;Пузиков-Толстяков;12.01.2019;2;0;Есть задолженность;Жадный.
5;84;38,91;19,98;1;Федосеев;02.04.2015;5;1;Есть задолженность;
1;5;90,96;78,68;1;Кузнецова;26.09.2024;3;0;;Неблагодарный.
4;53;54,89;29,02;3;Глушков;07.07.2019;3;2;;Невежливый.
2;42;94,7;72,81;4;Костина;01.11.2016;4;0;Есть задолженность;Не проявляет вежливости.
2;76;72,83;50,98;1;Харитонова;19.07.2017;5;1;Есть задолженность;Подозрительный.
4;66;53,42;33,05;4;Николаева;26.04.2017;2;0;;Обманывает.
5;6;92,2;82,94;3;Козлова;16.04.2016;5;0;Есть задолженность;Пытается переложить свою вину на других.
1;70;87,74;78,47;3;Дмитриева;27.06.2018;3;2;;
2;23;76,4;50,28;2;Лихачев;25.09.2023;5;1;Есть задолженность;Бесчувственный.
5;4;58,91;47,43;4;Хохлова;12.10.2016;5;0;Есть задолженность;Упрямый.
4;62;88,37;64,55;1;Степанова;22.08.2022;4;2;Есть задолженность;
5;45;49,99;36,44;1;Харитонова;31.12.2021;5;0;Есть задолженность;
4;44;70,42;60,05;2;Румянцева;29.07.2021;5;2;Есть задолженность;Безответственный.
4;63;61,91;32,12;1;Фокина;11.03.2016;3;1;;Скрывает проблемы.
3;57;77,81;58,2;4;Зуев;10.04.2022;2;1;;Непредсказуемый.
5;67;41,03;31,71;2;Андреева;07.11.2016;1;0;Есть задолженность;
1;51;39,23;23,55;4;Ильина;21.05.2022;5;0;Есть задолженность;Не обеспечивает безопасность.
1;85;55,36;28,33;1;Кудрявцев;18.12.2023;2;0;Есть задолженность;Скупой.
3;51;67,4;56,49;3;Хитрова;06.01.2015;1;0;;Не выносит мусор регулярно.
4;58;70,4;61,9;2;Чернышева;04.07.2017;1;0;;Нервный.
1;76;92,31;52,36;4;Соболев;22.07.2019;4;1;Есть задолженность;Не понимает по-хорошему.
1;71;88,92;44,5;4;Белова;14.10.2018;4;0;Есть задолженность;Не проветривает помещение.
4;76;48,58;38,76;2;Карпова;31.07.2023;4;2;;Непорядочный.
5;52;49,63;26,19;3;Петров;09.07.2017;3;0;;Закомплексованный.
4;18;31,76;26,53;2;Васильев;10.08.2024;1;0;Есть задолженность;Очень шумный.
3;20;66,17;35,11;4;Сергеев;15.11.2018;2;0;;
3;92;75,47;64,12;4;Потапова;27.05.2024;4;1;;Не проявляет вежливости.
3;61;67,04;47,73;4;Терентьева;26.10.2022;4;2;;Расточительный.
5;89;66,9;42,23;4;Ермаков;04.10.2016;1;0;Есть задолженность;Не отвечает на звонки и сообщения.
1;46;73,92;48,57;2;Белов;26.08.2022;4;2;Есть задолженность;Истеричный.
5;45;66,08;44,46;2;Топольков-Ветвистый;06.06.2019;3;1;Есть задолженность;Не уважает соседей.
5;2;85,11;42,61;3;Трофимова;05.09.2017;4;1;Есть задолженность;Инфантильный.
3;54;64,46;57,53;1;Фомина;21.03.2022;5;1;;Зануда.
4;19;89,66;65,66;4;Андреева;22.04.2022;1;0;;Не обеспечивает безопасность.
5;1;73,9;59,14;2;Новиков;02.08.2020;3;0;Есть задолженность;Бестактный.
4;95;37,86;31,73;1;Варламов;07.01.2023;2;1;Есть задолженность;Не терпит замечаний.
5;35;37,35;28,86;3;Ерофеева;28.08.2022;4;0;;Не уважает соседей.
3;36;92,59;55,83;4;Ежов-Колючкин;23.11.2016;4;2;Есть задолженность;Пессимист.
5;24;93,72;69,27;3;Дроздова;25.05.2018;1;0;;
5;2;97,25;54,82;1;Петров;04.04.2022;4;2;Есть задолженность;Неуравновешенный.
4;7;42,62;33,85;4;Кондратьева;17.10.2016;4;0;;Не понимает по-хорошему.
3;56;34,98;24,11;3;Сидоров;21.02.2016;2;1;;
5;72;54,71;38,23;2;Филиппов;25.02.2015;5;2;;Бесчувственный.
4;39;97,49;74,8;3;Компоткин-Певальщик;19.01.2023;2;1;;Ленивый.
5;57;49,95;40,98;2;Фомичева;26.11.2016;2;0;;Грязнуля.
5;40;66,95;57,52;3;Власова;20.09.2018;5;0;Есть задолженность;Безответственный.
2;84;88,56;74,27;2;Черкасова;01.07.2020;1;0;;Нервный.
1;46;68,11;42,71;2;Козлов;19.06.2019;1;0;;Оскорбляет.
2;74;57,5;31,35;3;Морозов;20.07.2022;5;2;;
5;48;43,32;32,06;3;Богданов;11.06.2022;4;2;;Громко слушает музыку.
4;82;67,17;44,87;1;Вязова;20.11.2018;3;0;;Мрачный.
1;60;44,02;22,5;3;Гусева;13.12.2020;5;0;;Агрессивный.
4;50;54,53;38,07;1;Брагин;30.06.2021;4;0;;
3;74;41,87;26,78;2;Уткин-Кряков;13.06.2024;1;0;Есть задолженность;Не выносит мусор регулярно.
4;33;81,52;41,81;4;Белоусов;17.08.2016;3;0;;Забивает канализацию.
3;5;60,66;45,28;1;Васильева;23.03.2015;5;2;;
5;70;71,77;54,14;1;Мухин;19.10.2019;4;1;;Не выносит мусор регулярно.
2;56;75,57;51,52;3;Громова;04.04.2015;1;0;Есть задолженность;
1;77;58,34;30,47;3;Седов;11.12.2022;3;0;Есть задолженность;
2;31;51,33;38,99;1;Яшина;17.07.2020;5;1;Есть задолженность;Скупой.
3;1;49,08;43,9;1;Гришин;25.02.2019;3;1;;Безответственный.
1;86;30,95;25,63;1;Кудрявцева;15.03.2019;1;0;;Мелочный.
1;74;44,08;22,37;1;Матюшина;15.06.2023;1;0;Есть задолженность;Пугливый.
4;56;78,81;45,13;4;Лукина;26.09.2020;5;2;;Скупой.
2;4;58,15;41,13;4;Доронин;08.04.2015;3;2;Есть задолженность;Проживает больше людей, чем указано в договоре.
5;19;40,45;30,68;4;Воронин;24.06.2016;5;2;;Зануда.
3;42;54,67;30,63;4;Щукин;29.06.2015;1;0;;Не проветривает помещение.
5;94;49,67;25,21;3;Панфилов;28.02.2019;4;0;Есть задолженность;
4;63;57,37;47,08;3;Орлова;03.02.2020;5;2;;Бестактный.
4;36;58,48;49,09;3;Титов;19.07.2017;5;0;Есть задолженность;
5;38;95,93;81,32;4;Шарфов-Мотальщиков;30.09.2020;1;0;Есть задолженность;Не соблюдает правила дома.
2;19;58,89;49,23;4;Мельникова;29.11.2016;3;2;;Жадный.
5;80;58,61;52,35;1;Рыбаков;31.07.2022;3;0;;
4;73;45,12;32,72;4;Колесников;06.10.2022;3;2;;Слишком требовательный.
4;31;96,15;48,43;4;Шестаков;23.12.2017;1;0;Есть задолженность;
3;41;74,41;57,37;4;Харин;10.09.2017;2;0;;Самовлюбленный.
1;60;89,96;58,06;4;Литвинова;07.01.2017;2;1;;Беспринципный.
4;50;98;62,14;4;Степанова;28.02.2017;1;0;Есть задолженность;Не проветривает помещение.
3;54;91,11;73,95;3;Ложкин-Хлебалкин;28.11.2022;2;0;Есть задолженность;
4;15;31,07;27,15;4;Андреева;16.12.2018;1;0;;Разбросал вещи по всему дому.
4;92;30,67;18,75;3;Щукина;07.10.2016;4;2;;Нетерпеливый.
3;59;94,08;80,22;3;Волкова;18.03.2015;1;0;;Странный.
5;81;45,53;30,76;2;Алексеева;23.03.2019;2;1;Есть задолженность;Непорядочный.
3;53;85,49;44,26;2;Королев;21.01.2018;5;2;Есть задолженность;
1;25;55,62;35,55;1;Репин;01.02.2021;2;1;Есть задолженность;Не понимает по-хорошему.
3;37;77,96;58,34;1;Савельева;10.11.2020;2;0;Есть задолженность;Бесчувственный.
5;65;91,01;77,65;4;Блохин;09.12.2020;3;1;;Использует общие помещения не по назначению.
2;58;79,31;61,88;4;Соловьева;26.10.2017;3;2;Есть задолженность;Лживый.
2;38;78,07;65,22;1;Гусев;08.12.2020;3;0;;Регулярно устраивает вечеринки.
3;62;53,27;28,31;1;Крылова;04.02.2018;5;2;;Зависимый.
1;18;59,21;50,01;3;Михайлов;29.08.2020;1;0;;Зависимый.
2;84;51,41;43,73;4;Тихонов;10.12.2023;1;0;;Не проявляет вежливости.
3;43;76,77;65,71;1;Маслова;02.06.2023;3;2;;Курит в квартире.
1;28;33,7;29,4;2;Лазарев;19.07.2019;4;0;;Наглый.
1;38;70,42;46,47;4;Зиновьев;22.07.2024;4;1;Есть задолженность;Пренебрежительный.
1;8;83,07;50,1;1;Дроздова;23.04.2024;5;0;Есть задолженность;Непредсказуемый.
5;82;82,22;68,02;2;Шувалова;09.04.2021;2;0;Есть задолженность;Наглый.
1;19;30,18;19,21;1;Агафонов;01.04.2019;2;1;;Навязчивый.
5;4;88,06;69,98;1;Сергеева;24.11.2022;2;1;;
4;45;86,81;57,42;1;Чубаров;29.12.2015;3;1;;Скрывает проблемы.
4;15;58,3;33,79;4;Яшина;30.09.2023;1;0;Есть задолженность;Обманывает.
3;30;69,89;60,65;3;Леонов;09.03.2015;2;1;Есть задолженность;Трусливый.
2;42;88,44;46,87;1;Бабич;03.11.2015;4;0;;Не уважает соседей.
4;22;33,4;17,77;1;Волков;11.03.2020;2;1;Есть задолженность;Постоянно конфликтует.
2;25;88,46;60;2;Ванин;24.01.2018;5;2;Есть задолженность;Угрюмый.
1;90;76,91;61,41;1;Шнурков-Вязкиных;05.09.2020;4;1;;Забивает канализацию.
4;45;39,18;30,76;4;Лосев;05.05.2021;1;0;Есть задолженность;Некомпетентный.
4;3;34,64;30,02;2;Блинчиков-Жарящих;20.06.2024;5;2;Есть задолженность;Разбросал вещи по всему дому.
3;78;51,61;44,81;3;Колбаскин-Сосискиных;08.09.2023;3;0;Есть задолженность;Хитрый.
3;89;84,12;50,41;2;Королева;20.04.2022;2;1;Есть задолженность;Проживает больше людей, чем указано в договоре.
4;13;81,86;58,52;1;Колесникова;06.05.2022;4;2;Есть задолженность;Не обеспечивает безопасность.
4;24;65,78;38,72;3;Предыгер;25.10.2018;5;1;Есть задолженность;
3;63;48,64;34,3;4;Данилова;04.06.2019;4;0;Есть задолженность;Слишком требовательный.
5;4;75,81;53,45;1;Маслов;14.12.2023;5;1;;Не понимает по-хорошему.
1;86;66,03;34,85;3;Токарев;21.07.2019;1;0;;Не выносит мусор регулярно.
4;41;60,83;46,11;4;Белозерова;08.12.2024;4;1;Есть задолженность;
4;66;33,09;29,77;1;Тюрин;29.07.2015;2;0;;Не выносит мусор регулярно.
3;61;82,82;43,42;3;Дорофеева;16.11.2023;2;1;Есть задолженность;
1;3;75,73;63,41;4;Назарова;01.12.2022;4;1;Есть задолженность;
1;67;30,88;18,92;1;Русакова;15.08.2024;4;2;Есть задолженность;Проживает больше людей, чем указано в договоре.
4;22;58,36;45,04;1;Лихачев;15.09.2021;5;0;;
4;43;60,91;46,64;2;Гордеева;24.05.2021;3;2;Есть задолженность;Ленивый.
5;39;86,81;56,56;1;Рубашкин-Надевашкин;13.01.2020;2;0;Есть задолженность;Агрессивный.
3;10;41,58;20,86;4;Кузнецов;25.03.2021;2;0;;Неадекватный.
2;63;66,95;50,11;4;Литвинов;18.04.2019;2;1;;Не убирает за своими животными.
2;34;58,61;32,35;1;Соловьева;03.12.2020;4;2;;Невежливый.
3;22;71,77;49,48;1;Степанова;04.01.2020;2;1;;Зануда.
1;16;77,37;52,84;1;Гаврилов;17.09.2022;2;0;Есть задолженность;Угрюмый.
4;13;61,73;53,23;4;Томилов;15.08.2017;2;0;Есть задолженность;Безответственный.
1;28;34,61;19,33;1;Назарова;25.10.2015;4;2;Есть задолженность;Нетерпеливый.
3;21;75,16;41,85;2;Воробьева;04.11.2018;1;0;Есть задолженность;
4;72;76,76;47,54;4;Якушева;03.12.2022;1;0;Есть задолженность;Забивает канализацию.
3;87;39,95;24,07;4;Терентьев;08.06.2020;1;0;Есть задолженность;Самодовольный.
3;29;94,97;52,74;4;Овчинников;03.01.2024;4;1;Есть задолженность;
5;64;93,61;53,18;4;Назаров;15.03.2019;4;1;;Не оплачивает вовремя квартплату.
5;56;45,34;30,9;4;Галкина;31.10.2021;1;0;;Пытается переложить свою вину на других.
4;73;61,88;41,07;2;Ершова;06.04.2015;2;1;Есть задолженность;Слабовольный.
4;27;49,33;41,3;4;Трошин;09.11.2021;3;1;;Не обеспечивает безопасность.
2;52;58,81;36,13;2;Давыдов;28.02.2024;2;1;;
3;18;74,29;54,57;4;Беляев;05.10.2024;1;0;;Подозрительный.
5;56;70,92;50,3;2;Федотова;17.09.2019;2;1;Есть задолженность;Некомпетентный.
1;81;84,43;48,41;2;Антонова;10.06.2024;3;2;;
4;14;50,5;32,96;1;Герасимов;04.12.2019;5;1;Есть задолженность;Пессимист.
2;76;37,16;30,35;3;Панфилова;16.01.2018;5;0;;
4;96;31,94;17,01;4;Анисимова;06.06.2017;2;1;;Лицемерный.
3;43;76,05;50,02;4;Боброва;29.08.2015;3;0;;Пытается переложить свою вину на других.
3;61;65,92;46,85;2;Ковалева;08.06.2017;1;0;;Скрывает проблемы.
3;23;86,04;72,16;4;Козлова;23.02.2024;3;2;;Несдержанный.
2;96;98,96;73,03;3;Колосов;28.05.2017;2;1;Есть задолженность;Пугливый.
3;91;48,2;33,97;2;Русакова;03.07.2020;5;0;;Непредсказуемый.
5;66;49,27;34,63;3;Егоров;29.08.2016;4;0;;Пытается переложить свою вину на других.
2;29;79,23;45,21;3;Баранов-Беекалов;03.03.2023;3;1;Есть задолженность;Лживый.
5;54;79,66;69,27;1;Юрьев;30.12.2017;5;0;Есть задолженность;Неуклюжий.
1;56;93,17;65,66;1;Пауков-Плетенкин;30.12.2021;2;1;Есть задолженность;Не следит за порядком в квартире.
2;41;38,89;23,61;4;Черкашин;22.01.2022;5;1;Есть задолженность;Самовлюбленный.
4;80;78,22;50,16;3;Новикова;28.12.2015;3;0;Есть задолженность;
1;16;41,49;20,87;3;Гончарова;18.03.2018;2;1;;
4;44;81,39;56,66;1;Панкратов;28.11.2022;1;0;;Сквернословит.
3;77;43,22;26,88;3;Зимин;25.08.2017;2;1;;Слишком часто принимает гостей.
2;54;42,44;37,66;3;Савина;12.05.2023;5;0;Есть задолженность;Несдержанный.
1;81;43,35;36,26;3;Васильев;22.09.2017;5;0;;Инфантильный.
3;22;46,07;30,64;1;Комаров;21.07.2017;2;1;;Странный.
2;75;92,41;76,61;3;Викторова;08.02.2021;1;0;;Ленивый.
2;82;77,17;39,8;3;Буров;15.04.2022;3;1;Есть задолженность;Не идет на контакт.
4;51;67,78;60,17;2;Костин;22.07.2023;2;0;;Не платит за ущерб.
5;22;95,93;64,28;3;Козлова;05.08.2021;1;0;;
5;10;52,74;45,99;4;Скворцова;07.06.2019;4;0;;Часто забывает закрывать дверь.
3;34;36;22,3;3;Уткин-Кряков;07.09.2023;4;2;Есть задолженность;Нетерпеливый.
3;89;37,18;30,15;4;Игнатова;08.09.2024;4;0;;Самодовольный.
5;40;70,12;50,69;3;Хохлов;13.11.2020;2;1;;
5;74;97,43;59,61;2;Боброва;23.09.2018;5;0;Есть задолженность;
1;95;69,42;50,63;4;Зверев;17.02.2020;1;0;;Бессердечный.
5;45;31,16;27,59;2;Карпов;29.06.2022;3;1;;Агрессивный.
2;22;92,89;53,44;4;Левин;06.02.2024;4;2;;Постоянно жалуется.
1;71;86,85;67,01;1;Белов;04.12.2024;2;0;Есть задолженность;Беспринципный.
5;86;97,77;65,12;1;Шоколадов-Таялкин;21.10.2015;1;0;;Слабовольный.
1;65;94,39;75,76;3;Белозерова;24.06.2022;1;0;;Болтливый.
3;38;79,79;64,08;1;Сайпиев;23.04.2021;5;0;;
3;11;58,52;47,27;3;Колобова;13.05.2021;2;0;Есть задолженность;Странный.
2;88;69,07;55,93;4;Андреев;25.11.2019;3;1;Есть задолженность;Не соблюдает правила тишины.
4;52;48,88;33,38;4;Светлов;14.03.2023;2;0;Есть задолженность;Непорядочный.
2;44;39,84;35,51;4;Лихачев;25.10.2018;3;0;;Неадекватный.
3;2;59,18;30,82;1;Воробьев;02.06.2017;3;0;;Ленивый.
2;53;82,44;45,19;1;Тюрина;16.04.2018;4;2;;Проживает больше людей, чем указано в договоре.
3;42;67,75;50,22;1;Виноградов;30.06.2019;5;1;;Слишком требовательный.
3;62;95,94;48,19;1;Нестерова;13.11.2016;3;2;Есть задолженность;Скрывает проблемы.
4;96;49,57;25,99;2;Чаплыгина;17.03.2019;5;1;Есть задолженность;
2;65;68,18;54,58;1;Яшин;28.02.2015;4;1;;Неуклюжий.
5;40;99,9;54,6;4;Нестеров;14.11.2021;2;1;;
2;94;86,3;44,88;4;Афанасьев;09.08.2022;2;0;;Не обеспечивает безопасность.
1;3;84,95;55,16;2;Брагин;29.01.2022;1;0;Есть задолженность;Необразованный.
3;20;48,59;41,64;2;Савин;28.10.2024;2;1;;Неуравновешенный.
3;7;77,95;56,27;4;Янченко;13.03.2024;4;1;;Забывчивый.
4;84;32,91;19,03;3;Русаков;19.06.2019;2;1;;Регулярно устраивает вечеринки.
1;90;68,46;49,68;1;Носова;15.08.2024;5;0;Есть задолженность;Неблагодарный.
3;86;88,98;58,66;3;Николаев;05.05.2015;5;0;;
1;48;99,86;53,4;1;Баранов;09.06.2023;2;1;;Мелочный.
2;17;90,15;69,68;3;Галкина;22.04.2023;3;0;Есть задолженность;Закомплексованный.
3;40;47,47;31,84;3;Черных;09.11.2024;2;0;Есть задолженность;Проживает больше людей, чем указано в договоре.
5;75;57,14;38,05;3;Габудин;24.11.2015;3;1;Есть задолженность;Раздражительный.
5;58;94,31;62,41;1;Калмыкова;24.04.2015;4;2;Есть задолженность;
4;60;68,78;41,4;4;Егорова;13.05.2020;1;0;Есть задолженность;
3;2;61,68;42,27;3;Богданова;14.11.2020;5;2;;Бесчувственный.
4;70;41,42;31,92;3;Алексеев;27.09.2015;1;0;Есть задолженность;Пытается переложить свою вину на других.
5;45;47,5;37,32;1;Осипова;15.08.2022;2;0;Есть задолженность;Слишком требовательный.
2;94;91,72;71,32;4;Яковлев;19.06.2019;5;2;Есть задолженность;Мнительный.
3;36;35,83;24,71;2;Виноградов;08.10.2015;4;1;Есть задолженность;Подлый.
2;29;87,79;53,71;4;Денисов;28.07.2017;5;1;Есть задолженность;Проживает больше людей, чем указано в договоре.
1;8;94,26;84,27;3;Захаров;15.08.2023;4;1;Есть задолженность;Не выносит мусор регулярно.
4;82;61,53;44,87;1;Васильев;28.10.2021;4;2;Есть задолженность;Грубый.
4;6;40,78;25,97;3;Покровская;19.10.2015;1;0;;Имеет домашних животных без разрешения.
1;84;67,56;41,37;2;Соболев;05.06.2023;5;1;;Непорядочный.
1;85;94,29;68,85;3;Седова;19.05.2017;4;2;;
1;63;60,8;35,77;2;Скворцова;24.04.2021;3;0;Есть задолженность;Не соблюдает правила тишины.
5;33;46,5;32,63;2;Герасимова;07.07.2021;5;1;Есть задолженность;
1;17;78,29;68,77;2;Медведев;12.10.2015;1;0;Есть задолженность;Ревнивый.
5;57;72,34;48,7;4;Ветреный-Свистунов;25.02.2015;5;2;;Ленивый.
1;78;83,82;53,02;2;Иванова;19.09.2023;4;0;;Закомплексованный.
3;33;51,6;41,53;4;Щукина;30.06.2019;1;0;;Некомпетентный.
3;33;37,92;30,47;2;Соболева;27.06.2018;1;0;;Имеет домашних животных без разрешения.
1;75;58,9;42,15;1;Шувалова;14.08.2019;5;2;;Склочный.
2;89;73,21;58,6;3;Фомина;03.08.2022;3;0;;Высокомерный.
2;25;64,5;46,55;2;Белов;23.10.2021;4;2;;Нечестный.
3;35;60,85;44,38;4;Фомина;19.08.2020;1;0;Есть задолженность;Не убирает за своими животными.
1;43;80,8;56;4;Васильева;15.02.2017;2;1;Есть задолженность;
5;53;97,44;72,8;4;Путин;15.03.2019;3;0;;Навязчивый.
2;2;93,12;55,65;4;Комаров;13.08.2018;1;0;;
3;50;87,77;56,89;4;Черных;26.01.2018;4;1;Есть задолженность;
5;46;75,96;42,54;1;Алексеева;17.12.2024;4;0;;
4;1;30,02;22,73;3;Сосисочкин-Кусачкиных;09.02.2022;3;1;Есть задолженность;Рассеянный.
3;61;40,92;31,99;1;Зайцев;11.08.2020;2;1;;Болтливый.
5;16;96,09;71,37;4;Королев;07.12.2015;5;0;Есть задолженность;Болтливый.
3;36;81,25;52,13;4;Сорокина;04.02.2017;2;1;;Жадный.
1;16;45,24;38,64;2;Харитонова;11.02.2017;1;0;;Скрывает проблемы.
2;37;96,03;49,19;1;Маркова;21.03.2017;2;0;Есть задолженность;Беспринципный.
1;78;82,02;73,07;1;Николаева;24.10.2020;2;0;Есть задолженность;
3;78;31,76;21,49;1;Майкин-Одевашкин;16.08.2018;1;0;Есть задолженность;
1;90;66,17;34,25;3;Рогожин;27.04.2015;4;0;;Не уважает соседей.
1;15;59,82;32,34;1;Тимофеев;02.02.2024;3;1;Есть задолженность;
4;13;64,92;40,68;2;Пчелкин-Жужжалкин;27.09.2015;1;0;Есть задолженность;Забывчивый.
3;51;56,97;46,06;1;Нестерова;10.04.2015;2;0;;Неаккуратный.
4;86;60,36;37,06;3;Зонтов-Раскрывайкин;21.11.2020;1;0;Есть задолженность;Не следит за порядком в квартире.
5;95;77,33;43,78;4;Репина;02.05.2023;5;1;;Разбросал вещи по всему дому.
5;96;33,53;22,05;2;Чернов;02.09.2020;3;2;Есть задолженность;Эгоист.
2;32;46,49;31,04;4;Белозерова;21.10.2015;3;2;Есть задолженность;
1;63;88,95;77,79;2;Князев;07.08.2021;4;0;Есть задолженность;Ревнивый.
5;78;91,45;61,19;4;Чашкин-Наливашкин;25.05.2019;1;0;;Не понимает по-хорошему.
5;72;58,6;45,57;4;Антонов;27.07.2017;3;1;Есть задолженность;Тревожный.
3;14;78,39;43,85;3;Николаева;14.01.2015;3;2;Есть задолженность;Не пунктуальный.
1;72;83,3;59,61;2;Ерофеев;11.11.2016;1;0;;Курит в квартире.
4;92;55,64;33,68;3;Степанов;22.10.2015;3;0;Есть задолженность;Пугливый.
1;35;88,03;71,27;4;Авдеев;20.09.2015;3;0;Есть задолженность;Невежливый.
4;33;66,52;38,22;1;Комаров;05.12.2023;4;0;Есть задолженность;Портит имущество.
1;12;91,31;64,54;1;Андреева;04.11.2024;4;1;;Раздражительный.
1;74;74,93;42,15;2;Кондратьев;11.07.2024;4;0;;Непорядочный.
5;60;52,16;42,39;3;Архипова;07.10.2019;5;0;Есть задолженность;Раздражительный.
2;25;52,72;32,46;2;Борисова;14.07.2024;2;1;;Скрывает проблемы.
3;38;84,45;68,77;1;Славина;06.02.2017;1;0;Есть задолженность;
4;96;77,13;67,57;1;Рожков;10.10.2019;3;0;Есть задолженность;Курит в квартире.
4;43;42,74;33,51;2;Юдина;25.11.2020;2;1;;Ворчливый.
1;88;58,57;44,95;2;Калмыков;27.12.2020;5;1;;Бессердечный.
4;9;33,89;25,49;3;Гущина;26.03.2022;2;1;;Пессимист.
3;3;43,84;39,34;2;Виноградов;09.01.2024;4;0;;Самодовольный.
5;41;44,18;34,4;4;Поляков;08.09.2021;4;0;Есть задолженность;Пренебрежительный.
4;97;71,07;36,57;4;Колесников;05.06.2023;1;0;Есть задолженность;
4;61;66,89;59,95;2;Кашина;11.04.2021;1;0;Есть задолженность;
2;7;52,65;40,43;3;Королева;11.07.2018;3;0;Есть задолженность;Не убирает за своими животными.
2;95;99,04;71,51;1;Алексеев;07.07.2024;3;0;Есть задолженность;Странный.
2;4;46,27;25,03;3;Часовников;26.05.2024;1;0;Есть задолженность;Инфантильный.
2;17;57,1;36,11;1;Фомин;20.07.2018;5;2;Есть задолженность;Самодовольный.
4;24;63,12;53,17;1;Горбунова;16.11.2016;2;0;Есть задолженность;Грубый.
3;42;47,2;34,09;3;Чехов;24.09.2022;1;0;Есть задолженность;
2;54;31,62;25,95;2;Власов;05.01.2021;2;1;Есть задолженность;Забивает канализацию.
4;5;36,56;26,81;1;Ермаков;27.04.2018;2;1;;
2;27;37,5;30,18;2;Ильин;26.01.2023;2;1;Есть задолженность;
5;9;47,59;42,01;3;Макарова;04.04.2022;1;0;Есть задолженность;Не соблюдает условия договора.
2;11;89,77;63,96;1;Баранова;16.08.2017;4;1;Есть задолженность;Непредсказуемый.
3;76;65,21;34,43;1;Белоусова;23.11.2019;3;1;Есть задолженность;Забывчивый.
3;66;55,44;34,02;3;Кондратьев;25.09.2017;2;0;;
1;40;66,15;44,01;2;Ковалев;10.06.2020;5;0;Есть задолженность;Самовлюбленный.
1;25;99,88;84,68;4;Волкова;02.12.2019;5;2;;Необразованный.
5;66;42,75;37,55;1;Тортиков-Объедалкин;11.10.2023;4;1;;Не отвечает на звонки и сообщения.
1;38;86,68;59,41;2;Медведев-Косолапов;29.01.2017;5;2;;Непослушный.
3;66;81,39;53,51;2;Носкин-Дырявцев;11.12.2017;1;0;;Пытается переложить свою вину на других.
3;48;55,48;31,14;4;Тихонова;28.12.2023;3;1;Есть задолженность;Мелочный.
5;77;34,31;27,6;3;Лукин;30.01.2018;3;2;Есть задолженность;Скрывает проблемы.
2;47;75,71;58,45;3;Андреев;12.11.2016;2;0;Есть задолженность;Нервный.
4;60;39,15;30,69;2;Моисеев;13.05.2016;5;2;Есть задолженность;Невоспитанный.
4;81;56,01;41,25;3;Рыбакова;11.10.2017;5;1;;Нетерпеливый.
4;13;60,19;47,88;4;Миронова;05.08.2022;2;1;;Не пунктуальный.
4;57;36,16;21,06;2;Спирин;05.12.2020;4;0;Есть задолженность;
4;23;88,13;58,55;1;Шапкин-Носилкин;16.02.2015;2;1;Есть задолженность;Упрямый.
4;75;95,85;85,41;2;Емельянова;12.04.2022;2;1;;Не оплачивает вовремя квартплату.
2;6;45,16;28,11;1;Петрова;20.03.2018;3;2;;
4;5;57,83;36,03;3;Ковалев;24.01.2016;3;1;Есть задолженность;Ведет себя агрессивно.
2;85;32,65;22,96;3;Жуков;28.09.2020;2;1;Есть задолженность;Эгоист.
4;67;50,35;31,84;1;Волкова;09.04.2016;4;0;Есть задолженность;
2;52;88,12;60,87;3;Блохина;29.05.2018;5;2;;Скрывает проблемы.
2;76;51,41;41,5;4;Яковлева;30.05.2022;4;0;;Ленивый.
5;95;38,64;26,67;1;Буров;11.01.2018;3;2;Есть задолженность;Использует общие помещения не по назначению.
1;85;45,89;38,1;1;Карпов;16.04.2022;4;0;;Не обеспечивает безопасность.
4;44;41,34;37,19;4;Герасимова;27.11.2018;4;0;;
4;55;92,82;70,14;1;Давыдов;13.11.2017;1;0;Есть задолженность;Не открывает дверь сантехнику.
3;73;34,04;30,54;4;Осипов;11.08.2020;5;1;Есть задолженность;
4;32;47,9;36,16;2;Пименов;11.03.2018;5;0;;Курит в квартире.
4;77;31,83;26,29;1;Ильина;12.11.2019;2;1;;Оскорбляет.
2;48;52,29;35,16;3;Васильева;27.03.2018;3;0;;Проживает больше людей, чем указано в договоре.
2;64;90,5;68,38;2;Кудрявцева;20.06.2016;4;0;Есть задолженность;Нервный.
1;74;42,84;35,33;4;Новиков;27.11.2015;2;1;;Постоянно жалуется.
4;79;59;48,81;4;Клюев;18.04.2018;5;2;;
5;6;86,8;44,39;2;Кондратьев;10.03.2015;1;0;;Неблагодарный.
4;48;98,24;57,09;1;Болтов-Закрутчиков;29.06.2022;3;2;Есть задолженность;
4;3;86,85;52,95;4;Якушева;15.03.2016;4;0;;Навязчивый.
2;86;80,59;60,06;2;Панин;20.02.2020;4;2;;Рассеянный.
4;94;58,88;52,21;3;Кошкин-Мурлыкин;24.02.2017;5;2;;
5;17;47,9;23,98;3;Козлова;20.01.2019;2;0;Есть задолженность;
1;40;91,47;57,42;3;Богданова;21.07.2019;5;2;;Упрямый.
4;26;40,62;35,09;2;Андреева;08.02.2016;1;0;;
5;25;32,54;25,83;3;Лебедев;17.02.2024;4;0;;
4;63;30,61;15,35;4;Шевченко;27.11.2022;1;0;;Упрямый.
2;33;80,3;46,39;3;Книжкин-Читалкин;18.07.2020;3;1;;Истеричный.
2;43;81,88;71,01;4;Афанасьев;24.09.2017;1;0;;Не понимает по-хорошему.
5;37;71,33;37,62;3;Ершова;03.03.2023;4;2;;
1;84;64,15;41,36;2;Седов;07.10.2023;3;2;;
2;17;50,87;44,66;4;Герасимов;01.02.2023;3;0;;Бессердечный.
1;22;50,03;27,67;2;Панин;09.07.2022;4;1;;Грязнуля.
2;48;82,34;58,84;3;Борисова;31.01.2020;5;0;;Угрюмый.
3;48;66,43;33,84;2;Зайцев-Попрыгайцев;31.07.2022;5;2;Есть задолженность;Не соблюдает условия договора.
2;84;66,63;40,23;1;Власов;13.12.2016;2;1;Есть задолженность;Нетерпеливый.
1;85;46,62;35,01;4;Славин;11.05.2022;4;1;;
1;62;33,71;24,56;1;Моисеева;15.08.2016;5;0;;Не убирает за своими животными.
3;41;96,02;51,28;1;Скворцов;26.02.2021;5;2;Есть задолженность;Сквернословит.
1;99;81,85;72,16;3;Щукина;17.05.2016;5;1;Есть задолженность;Раздражительный.
4;75;43,28;29,83;4;Николаев;09.10.2022;5;0;;Не платит за ущерб.
4;16;46,91;41,51;2;Фомина;02.04.2015;5;2;Есть задолженность;Подлый.
2;19;33,95;21,92;1;Белоусова;01.07.2021;5;1;Есть задолженность;Мнительный.
1;62;80,6;50,99;3;Савельев;11.06.2018;3;2;Есть задолженность;Самовлюбленный.
5;20;60,36;48,44;2;Харитонов;06.06.2017;3;0;Есть задолженность;
4;57;60,89;36,99;2;Васильев;12.02.2019;2;0;;Мелочный.
1;1;64,13;48,15;4;Юдин;03.01.2024;2;0;Есть задолженность;Не выносит мусор регулярно.
1;7;70,92;48,24;1;Симонова;13.12.2019;2;0;Есть задолженность;Не следит за порядком в квартире.
2;70;38,85;20,09;3;Соболев;09.03.2022;3;1;;
1;13;97,96;86,47;4;Тихонова;29.12.2019;4;1;;Обидчивый.
5;57;66,84;35,53;4;Архипова;20.10.2019;2;0;Есть задолженность;Невежливый.
1;26;55,24;31,57;3;Родионова;20.06.2018;2;0;;Пренебрежительный.
1;47;39,59;20,54;1;Орлов;24.02.2024;4;2;;Расточительный.
4;56;89,15;52,13;3;Давыдова;13.09.2015;3;1;;Не проявляет вежливости.
4;35;48,24;42,41;2;Чернышева;25.10.2023;3;1;Есть задолженность;Разбросал вещи по всему дому.
1;58;75,02;48,19;3;Рыбакова;01.02.2015;2;0;;Постоянно жалуется.
3;18;84,29;71,1;3;Сидорова;04.05.2022;2;1;;Беспринципный.
3;31;56,17;39,45;1;Баранова;11.10.2016;4;1;;Не уважает соседей.
2;95;39,36;31,74;1;Толстой;18.12.2019;1;0;;Не соблюдает правила дома.
3;8;87,05;56,94;1;Хохлов;06.11.2021;5;0;;Ленивый.
3;13;56,52;44,95;2;Уваров;23.12.2023;5;2;Есть задолженность;Странный.
4;8;72,23;52,33;3;Потапов;13.05.2016;2;0;;Не выносит мусор регулярно.
4;35;91,09;65,53;2;Трубников;28.10.2024;1;0;Есть задолженность;Расточительный.
3;65;94,42;48,82;3;Хомяков-Щекастый;28.11.2016;3;1;Есть задолженность;Невоспитанный.
5;68;86,06;64,42;1;Якушева;19.08.2022;4;0;;
1;9;35,11;31,43;4;Галкин;28.04.2015;1;0;;Зануда.
5;83;70,52;39,75;2;Абрамова;19.01.2019;5;1;Есть задолженность;Закомплексованный.
2;13;46,01;35,17;2;Лихачева;31.08.2024;1;0;;Склочный.
4;41;79,02;48,97;1;Тихонова;11.07.2017;1;0;;
1;68;42,27;29,44;4;Шишкина;22.02.2019;2;0;Есть задолженность;
5;67;31,32;16,31;2;Никитина;06.02.2016;1;0;;Беспринципный.
5;79;76,18;65,27;3;Антонов;29.08.2017;5;0;Есть задолженность;Пугливый.
1;38;39,98;35,68;1;Дьяков;23.04.2022;4;2;;Громко слушает музыку.
4;28;65,8;45,05;1;Воробьева;13.02.2016;2;1;Есть задолженность;
4;57;77,01;46,71;2;Осликов-Иашкин;08.12.2018;2;1;Есть задолженность;Невоспитанный.
5;12;33,57;23,32;3;Колесникова;22.08.2018;2;1;Есть задолженность;
4;37;92,11;55,4;4;Славина;29.09.2023;4;2;;Самодовольный.
4;2;32,25;26,53;1;Захарова;02.08.2024;5;1;;Пренебрежительный.
3;23;31,83;28;1;Агафонова;06.03.2020;5;2;Есть задолженность;Не следит за порядком в квартире.
4;72;45,31;27,82;2;Тарелкин-Жрушкин;25.05.2021;3;2;Есть задолженность;Подозрительный.
1;63;50,44;44,67;1;Клюева;18.03.2016;3;0;Есть задолженность;Портит имущество.
2;27;84;59,32;2;Ларионова;03.08.2019;4;2;Есть задолженность;Нетерпеливый.
3;20;66,6;48,27;1;Кондратьева;15.04.2017;1;0;;Неадекватный.
3;71;64,72;46,75;3;Белова;07.10.2023;5;0;;Мелочный.
5;53;50,2;29;2;Новикова;22.10.2021;2;0;Есть задолженность;Непредсказуемый.
2;32;44,55;31,97;3;Пилкин-Пилильщиков;01.10.2015;2;0;Есть задолженность;
2;35;88,92;46,57;3;Романова;25.08.2023;2;0;Есть задолженность;Не следит за порядком в квартире.
2;90;35,45;18,17;1;Чашкин-Наливашкин;13.06.2018;3;0;;Лживый.
4;5;54,3;28,53;4;Филиппов;01.02.2017;2;0;Есть задолженность;
5;99;37,19;29,37;2;Шаров;24.08.2024;5;1;Есть задолженность;Инфантильный.
4;33;35,26;20,65;2;Егоров;01.08.2019;1;0;Есть задолженность;
2;23;75,66;59,48;1;Герасимов;13.06.2022;4;1;Есть задолженность;Высокомерный.
5;72;39,07;19,61;4;Кириллов;10.05.2023;4;1;Есть задолженность;Лицемерный.
2;93;57,68;42,12;2;Фомин;30.04.2021;4;1;Есть задолженность;Непослушный.
5;34;72,97;46,02;4;Шилов;31.12.2023;2;1;;Тревожный.
2;21;68,26;58,8;2;Галкина;06.05.2021;5;2;Есть задолженность;Не соблюдает правила тишины.
2;10;98,67;69,91;1;Чернова;03.10.2023;2;0;Есть задолженность;Неуравновешенный.
3;1;84;68,57;4;Морозов;16.09.2015;3;1;;Разбросал вещи по всему дому.
2;57;66,42;57,04;4;Игнатов;07.01.2019;2;1;Есть задолженность;Нечестный.
4;76;58,13;43,41;1;Комарова;23.05.2024;3;0;Есть задолженность;
5;89;75,55;38,73;2;Синицын;03.04.2017;1;0;Есть задолженность;Истеричный.
3;92;34,12;28,87;1;Филиппова;06.06.2015;4;1;Есть задолженность;Невежливый.
5;42;88,49;65,14;1;Парфенова;18.08.2017;4;0;Есть задолженность;
1;25;39,87;23,57;1;Чернова;07.10.2016;5;2;Есть задолженность;Неаккуратный.
3;31;66,83;51,96;2;Вязов;31.07.2016;4;2;Есть задолженность;Некоммуникабельный.
1;52;86,44;72,07;3;Бакланов;23.12.2021;3;1;Есть задолженность;Сквернословит.
3;31;49,33;27,56;4;Солнечный-Сиялкин;22.06.2022;3;0;Есть задолженность;Беспринципный.
2;62;34,3;27,95;2;Морозова;26.05.2017;3;2;Есть задолженность;Лживый.
4;18;94,24;78,18;1;Андреев;11.01.2016;3;1;;Неадекватный.
5;44;33,48;26,74;2;Трошина;18.05.2023;4;2;;Закомплексованный.
4;76;87,49;52,79;2;Чернышева;02.05.2022;5;0;Есть задолженность;Ленивый.
1;58;97,68;51,53;1;Савельева;02.11.2016;4;2;;
1;10;73,21;40,57;4;Бобров;08.02.2021;1;0;Есть задолженность;Подлый.
5;10;59,17;50,51;4;Фролова;13.12.2019;5;0;;Нетерпеливый.
4;86;84,89;50,02;4;Беляев;21.05.2024;5;1;Есть задолженность;
4;20;34,72;17,4;1;Викторов;18.01.2023;5;2;;
1;92;44,7;28,09;3;Дроздов;18.07.2019;4;0;;Бесчувственный.
2;30;52,04;43,36;1;Сорокин;19.12.2020;2;1;;Бессердечный.
1;46;87,84;74,33;3;Авдеева;14.02.2020;3;0;Есть задолженность;Рассеянный.
4;81;69,08;35,53;2;Яковлев;07.09.2019;4;2;Есть задолженность;Регулярно устраивает вечеринки.
5;87;72,74;49,11;3;Дмитриева;20.05.2015;1;0;;
1;51;71,09;60,35;2;Кузнецова;02.11.2016;5;0;Есть задолженность;Слишком требовательный.
5;45;31,66;21,36;1;Уткин-Кряков;14.03.2022;3;2;Есть задолженность;
4;37;50,67;40,88;4;Белозеров;01.05.2021;2;0;Есть задолженность;Зануда.
5;89;78,83;46,91;3;Жуков-Пожужжалкин;09.08.2023;4;1;Есть задолженность;
1;95;38,2;26,46;1;Смирнова;12.08.2015;5;1;Есть задолженность;Нечестный.
5;8;97,66;57,47;2;Разумова;31.08.2017;1;0;;Наглый.
5;96;56,07;28,99;1;Фомина;14.05.2015;3;1;;
4;1;70,76;46,8;2;Новиков;02.07.2019;5;1;Есть задолженность;Грязнуля.
1;57;85,46;62,39;3;Тихонова;26.05.2020;2;1;Есть задолженность;Постоянно жалуется.
2;7;44,93;26,73;2;Борисов;14.11.2017;4;0;Есть задолженность;Использует общие помещения не по назначению.
5;88;88,67;69,45;2;Трофимов;11.12.2019;5;0;;
1;53;44,04;33,27;1;Воронин;18.04.2020;5;2;Есть задолженность;Не пунктуальный.
3;46;45,27;27,88;2;Воробьева;14.09.2018;4;2;;Бестактный.
2;30;61;54,51;3;Савельева;14.06.2020;1;0;;
1;90;96,54;54,29;3;Щукин;17.03.2023;1;0;;Склочный.
1;42;38,77;32,61;1;Логинов;13.11.2017;3;0;;Самодовольный.
2;52;32,9;24,93;3;Егоров;12.04.2019;1;0;Есть задолженность;Зависимый.
2;45;82,75;45,58;3;Трофимов;15.07.2018;5;1;Есть задолженность;Пренебрежительный.
2;68;34,76;20,43;1;Виноградов;06.10.2017;2;0;Есть задолженность;
4;95;47,24;24,46;2;Мельникова;08.06.2022;3;0;Есть задолженность;
2;36;78,84;60,46;3;Нестерова;27.06.2016;3;2;Есть задолженность;
2;33;61,39;38,19;1;Седов;19.03.2021;5;1;Есть задолженность;Раздражительный.
4;2;53,25;36,13;4;Борисова;07.02.2018;3;2;Есть задолженность;Сквернословит.
3;39;94,88;57,35;1;Тарелкин-Жрушкин;29.07.2021;1;0;Есть задолженность;
5;48;76,96;57,87;2;Ржаной-Колосистый;08.12.2020;1;0;;
2;4;50,29;34,47;3;Рыжова;23.09.2024;5;1;Есть задолженность;
5;85;66,32;53,67;1;Тимофеев;25.11.2023;5;2;Есть задолженность;Непредсказуемый.
3;34;62,01;39,24;3;Князева;11.02.2019;3;1;;Лицемерный.
2;56;85,11;66,37;1;Скворцов;11.06.2019;4;1;Есть задолженность;
4;85;98,46;62,1;4;Яшин;19.08.2017;2;0;;Непорядочный.
3;7;55,1;40,38;1;Тимофеева;06.12.2021;2;0;;
1;47;42,33;31,78;3;Краскин-Раскрашинов;11.09.2021;5;1;Есть задолженность;Несдержанный.
3;7;62,98;39,13;1;Глушкова;04.04.2022;5;0;;Трусливый.
2;96;79,74;65,42;2;Воробьева;17.06.2022;5;2;Есть задолженность;
3;20;77,47;44,1;1;Яковлева;04.07.2023;4;1;Есть задолженность;Зануда.
5;12;63,47;37,2;1;Соколов;28.05.2024;2;1;;Не пунктуальный.
5;39;84,11;56,72;3;Смирнова;02.04.2016;3;2;;Агрессивный.
4;39;59,63;49,57;2;Маслова;26.07.2015;2;1;;Ревнивый.
5;18;95,4;61,17;3;Киселева;19.10.2016;1;0;;Высокомерный.
1;10;43,47;22,05;1;Федотова;11.01.2023;4;0;Есть задолженность;Жадный.
3;31;66,22;47,75;2;Новиков;15.02.2024;5;1;Есть задолженность;Инфантильный.
2;64;66,85;59,15;2;Ковалев;30.07.2015;2;1;Есть задолженность;
2;9;41,05;31,11;2;Литвинов;29.08.2023;5;0;Есть задолженность;Бестактный.
5;36;66,83;57,11;1;Филатова;10.07.2024;5;0;;Ленивый.
3;34;52,61;31,28;4;Пауков-Плетенкин;01.05.2018;5;2;;Жадный.
3;12;52,98;45,13;3;Карандашин-Рисовалкин;13.09.2020;2;1;Есть задолженность;
3;26;51,39;29,3;3;Денисова;24.06.2022;4;1;;Трусливый.
2;69;62,97;42,91;3;Крылов;03.11.2020;5;2;;Обманывает.
2;7;64,99;37,96;3;Воробьева;03.06.2019;1;0;;Не выносит мусор регулярно.
2;11;33,96;17,73;1;Морозова;30.08.2015;2;1;Есть задолженность;Беспринципный.
2;20;40,1;24,67;2;Николаев;25.12.2020;3;1;Есть задолженность;Зависимый.
5;28;38,01;27,35;2;Гусев-Крякалкин;12.08.2020;4;2;Есть задолженность;Некомпетентный.
5;31;30,98;20,86;1;Ванин;14.02.2016;2;0;;Наглый.
1;28;95,04;61,57;3;Веселов;24.04.2015;3;1;Есть задолженность;
1;60;82,87;61,12;2;Пузиков-Толстяков;18.09.2021;5;0;Есть задолженность;Неблагодарный.
2;4;30,23;24,03;3;Попов;10.11.2015;4;1;;Нетерпеливый.
2;57;47,85;29,78;2;Фокина;08.05.2018;5;1;Есть задолженность;Наглый.
2;62;49,24;41,24;1;Свиньин-Хрюков;01.06.2020;2;1;Есть задолженность;Не убирает за своими животными.
4;35;72,11;47,32;2;Вдовина;10.07.2023;5;2;Есть задолженность;Странный.
3;99;33,86;26,26;4;Юдина;10.01.2022;5;1;;
4;28;37,52;20,7;4;Макаров;12.03.2024;4;0;Есть задолженность;Не проветривает помещение.
3;78;91,8;62,3;3;Гаврилов;19.01.2022;2;1;;Часто забывает закрывать дверь.
1;36;84,95;55,74;4;Осипов;27.02.2016;4;2;Есть задолженность;
2;93;40,33;31,49;4;Денисов;05.07.2017;3;2;;Инфантильный.
5;64;95,74;78,69;1;Васильева;23.05.2022;5;0;;Неадекватный.
3;72;63,6;34,24;1;Зонтов-Раскрывайкин;28.12.2014;5;0;Есть задолженность;Мелочный.
1;62;56,94;41,1;1;Мальцева;06.12.2018;2;0;Есть задолженность;
5;64;33,12;17,5;1;Щукина;28.05.2024;5;2;;
2;33;89,01;50,02;3;Прохоров;21.12.2021;3;1;Есть задолженность;Упрямый.
2;94;92,14;64,34;2;Хохлов;27.12.2015;2;0;Есть задолженность;Угрюмый.
4;77;33,93;20,97;1;Уваров;17.05.2020;5;0;Есть задолженность;Безответственный.
4;94;50,07;37,73;2;Лазарева;27.03.2019;4;1;Есть задолженность;Болтливый.
4;27;93,92;60,16;4;Буров;13.06.2023;5;2;Есть задолженность;Забывчивый.
2;43;34,43;18,93;4;Блинова;05.01.2020;2;0;;
5;3;78,52;67,66;4;Зимина;04.03.2023;2;0;;
1;30;63,36;51,98;3;Родионов;11.05.2021;3;2;Есть задолженность;Ворчливый.
1;57;40,07;28,79;2;Матюшин;06.09.2015;3;0;Есть задолженность;Рассеянный.
5;44;42,61;28,17;4;Голубев;02.07.2021;4;2;;Оскорбляет.
1;68;55,44;39,74;1;Котова;13.09.2021;3;1;;Наглый.
2;73;78,25;52,1;1;Сосисочкин-Кусачкиных;15.07.2023;1;0;;Истеричный.
3;91;99,86;70,61;3;Осипов;30.04.2020;3;0;;Не соблюдает условия договора.
4;26;61,79;41,07;1;Кулаков;05.03.2024;2;1;Есть задолженность;
2;81;43,57;22,62;2;Киселев;03.10.2023;1;0;Есть задолженность;Не соблюдает правила дома.
4;22;53,61;31,45;2;Симонов;01.09.2018;4;0;;
1;97;43,96;36,02;2;Тараканов-Бегунец;19.03.2020;5;2;;Не идет на контакт.
5;13;58,28;29,4;3;Антонова;25.07.2021;1;0;Есть задолженность;
1;11;64,62;57,29;1;Степанов;06.01.2019;1;0;Есть задолженность;
2;64;94,2;83,8;2;Потапова;24.08.2015;2;1;;Не оплачивает вовремя квартплату.
4;79;51,92;43,53;3;Фомин;04.08.2024;3;0;Есть задолженность;Не убирает за своими животными.
5;42;47,65;33,04;4;Прохорова;10.03.2020;4;2;;
1;5;98,83;85,73;1;Малышев;08.11.2019;2;0;Есть задолженность;
3;99;59,4;50,46;3;Колесников;27.02.2017;5;2;;
3;28;43,97;39,09;4;Полякова;26.04.2022;4;1;;Ревнивый.
4;16;76,07;39,82;4;Терентьева;25.08.2020;2;1;;
3;59;49,22;42,14;3;Черных;05.07.2020;1;0;;
3;87;41,12;36,16;2;Нестеров;29.11.2019;4;0;Есть задолженность;Не обеспечивает безопасность.
2;26;43,81;24,8;1;Харитонов;24.12.2015;1;0;;Неаккуратный.
3;20;61,03;40,8;3;Черных;26.01.2019;4;1;Есть задолженность;Непорядочный.
4;6;48,09;24,65;2;Логинова;04.06.2023;3;1;;
4;8;60,99;53,46;3;Лихачев;03.12.2020;4;1;Есть задолженность;Пугливый.
4;44;51,23;44,33;1;Жукова;26.11.2021;4;2;;Аморальный.
2;9;39,87;26,57;4;Потапова;03.04.2021;1;0;;Нетерпеливый.
2;78;36,63;26,39;2;Емельянова;12.12.2022;3;2;;Некоммуникабельный.
1;93;60,85;50,2;1;Яковлев;16.12.2019;3;0;;
1;92;31,73;22,06;2;Игнатов;30.07.2017;4;2;;Бессердечный.
3;43;91,81;46,19;3;Карпов;16.01.2015;5;2;;Сквернословит.
5;91;46,63;37,66;4;Некрасова;18.07.2020;5;2;;Не терпит замечаний.
5;89;47,98;42,61;4;Елисеева;12.06.2024;5;1;Есть задолженность;Невежливый.
3;4;53,95;46,19;3;Елисеева;22.06.2016;3;2;;Не следит за порядком в квартире.
3;12;33,69;20,21;1;Ильина;07.04.2024;2;1;Есть задолженность;Беспринципный.
5;79;89,9;49,02;2;Волкова;02.08.2016;5;0;;Постоянно жалуется.
2;65;33,65;20,38;3;Родионов;12.10.2018;4;0;Есть задолженность;Хитрый.
2;81;92,78;62,17;1;Дубовых-Желудевых;22.12.2023;4;0;Есть задолженность;Постоянно требует ремонт.
3;66;71,56;54,47;3;Носкин-Дырявцев;20.10.2023;1;0;Есть задолженность;
1;99;35,8;22,39;1;Колобов;24.09.2017;1;0;;Угрюмый.
3;84;65,72;45,77;1;Ларионова;06.01.2019;2;0;;Не соблюдает правила тишины.
4;63;73,8;58,2;3;Тортиков-Объедалкин;19.12.2020;4;1;Есть задолженность;
2;44;74,31;51,04;3;Ковалева;19.10.2022;2;0;Есть задолженность;Бестактный.
2;85;98,98;72,92;2;Борисов;20.10.2017;4;2;;Не идет на контакт.
1;98;43,41;37,05;4;Григорьева;14.08.2018;3;0;Есть задолженность;Обманывает.
5;64;44,4;23,26;4;Компоткин-Певальщик;21.03.2015;4;2;;Неадекватный.
1;49;32,08;27,89;3;Филиппова;16.06.2020;5;1;Есть задолженность;
5;59;30,36;15,87;1;Колесникова;23.11.2024;5;2;;Неаккуратный.
1;3;48,19;35,12;2;Баранов;23.12.2023;1;0;Есть задолженность;Самовлюбленный.
5;87;69,23;42,3;4;Клюева;16.03.2016;3;0;Есть задолженность;Портит имущество.
3;2;61,95;46,94;4;Соболев;24.02.2015;4;2;Есть задолженность;Забывчивый.
2;53;95,11;48,34;3;Русаков;24.06.2021;2;0;;Использует общие помещения не по назначению.
4;75;86,64;62,29;2;Симонова;15.02.2022;1;0;Есть задолженность;Проживает больше людей, чем указано в договоре.
2;96;55,68;41,5;2;Ершов;30.06.2024;2;0;;Бесчувственный.
3;61;88,97;64,43;1;Богданова;26.01.2017;4;2;Есть задолженность;Не проветривает помещение.
5;33;74;55,21;4;Тараканов-Бегунец;21.09.2017;3;1;Есть задолженность;Неуравновешенный.
2;57;69,53;56,79;1;Козлов-Бодалов;07.07.2024;3;1;;
3;22;38,85;33,89;2;Парфенов;29.01.2018;2;0;Есть задолженность;Использует общие помещения не по назначению.
5;85;59,23;31,16;3;Дмитриева;06.12.2018;5;2;Есть задолженность;Не уважает соседей.
2;3;92,46;79,84;1;Кастрюлин-Варюшкин;21.01.2022;5;0;;Трусливый.
2;29;70,03;56,08;2;Разумов;11.12.2023;5;1;Есть задолженность;Ведет себя агрессивно.
2;72;69,89;60,23;4;Калинина;01.09.2018;5;1;;
2;15;96,82;81,95;1;Фролов;27.05.2015;2;1;;Самовлюбленный.
3;24;63,15;37,53;3;Вдовина;19.04.2017;2;0;Есть задолженность;Не пунктуальный.
4;99;90,07;46,64;3;Румянцева;22.04.2021;1;0;Есть задолженность;Невоспитанный.
4;51;65,81;33,94;1;Баранов;03.04.2015;4;1;;
4;10;58,6;51;1;Кириллова;03.04.2017;2;1;Есть задолженность;Обманывает.
5;51;78,89;62,21;2;Конфеткин-Сладушкин;19.05.2019;1;0;;
2;15;88,6;52,03;3;Малышева;05.11.2022;3;0;;Не убирает за своими животными.
1;45;69,59;57,98;4;Соколов;04.08.2016;3;0;;Неуклюжий.
5;22;59,14;49,77;3;Юдин;14.11.2024;4;2;;Бестактный.
3;20;51,67;25,97;1;Зайцев-Попрыгайцев;14.01.2016;1;0;Есть задолженность;Не выносит мусор регулярно.
1;38;82,17;56,55;1;Абрамов;27.01.2021;1;0;Есть задолженность;
5;50;90,6;80,99;3;Федорова;26.05.2019;1;0;;Не терпит замечаний.
4;17;49,81;32,62;3;Третьякова;08.02.2017;3;0;Есть задолженность;Забивает канализацию.
4;96;49,76;37,2;1;Блинов;05.05.2022;2;0;;
3;83;98,23;76,75;1;Семакина;21.03.2022;4;0;;Сквернословит.
4;86;87,18;78,21;4;Новикова;01.08.2024;4;2;Есть задолженность;Нетерпеливый.
4;14;81,39;58,67;3;Казанцев;27.03.2019;5;1;Есть задолженность;Неадекватный.
1;50;39,29;30,65;3;Савельев;19.09.2021;5;0;;Постоянно требует ремонт.
3;82;87,37;60,32;3;Сазонова;08.01.2023;3;0;;
3;29;40,41;22,59;3;Ромашкин-Цветочный;21.08.2018;1;0;Есть задолженность;Обманывает.
5;76;65,02;45,18;1;Шоколадов-Таялкин;30.10.2019;5;1;Есть задолженность;Сквернословит.
3;72;54,87;31,72;3;Ефремов;27.03.2021;5;1;Есть задолженность;
1;97;51,01;36,34;1;Жукова;23.02.2023;3;1;;Очень шумный.
4;59;50,78;40,14;1;Богданов;30.06.2018;1;0;Есть задолженность;Не пунктуальный.
1;91;98,4;49,81;4;Власов;05.01.2018;3;2;Есть задолженность;
3;19;91,67;51,84;4;Соколов;02.09.2015;5;1;Есть задолженность;
2;99;60,45;41,38;4;Усов;04.04.2019;2;0;Есть задолженность;Нетерпеливый.
5;18;61,92;45,04;1;Демидов;15.10.2019;2;0;;Наглый.
4;4;51,12;39,81;4;Васильев;04.04.2015;2;1;;Слишком часто принимает гостей.
4;68;74,78;48,14;3;Соловьева;16.07.2024;4;0;;Ленивый.
3;4;68,45;34,6;1;Гаврилова;22.01.2020;2;1;Есть задолженность;Постоянно жалуется.
4;65;86,68;53,58;3;Дмитриева;13.03.2022;4;0;Есть задолженность;Ведет себя агрессивно.
2;50;87,15;73,62;3;Фокин;14.07.2021;3;1;Есть задолженность;Болтливый.
3;25;68,02;45,8;3;Часовников;18.03.2021;5;0;Есть задолженность;
5;52;48,82;37,19;2;Агафонова;21.06.2021;5;1;;Некоммуникабельный.
4;79;41,46;33,3;1;Семенов;04.09.2022;3;0;Есть задолженность;Постоянно жалуется.
3;75;99,81;52,74;1;Буров;20.01.2019;4;0;;Зависимый.
2;95;88,53;77,25;2;Зуева;07.08.2021;1;0;;Подозрительный.
3;78;99,09;80,33;3;Фокина;19.02.2017;1;0;Есть задолженность;
5;80;67,82;38,65;2;Ильина;14.11.2020;3;2;Есть задолженность;Не платит за ущерб.
1;17;68,45;43,62;2;Богданова;01.01.2016;5;1;;Ворчливый.
2;57;76,62;46,9;2;Фокина;15.04.2015;1;0;Есть задолженность;Слабовольный.
4;72;49,61;37,66;3;Зайцев-Попрыгайцев;24.10.2018;3;2;;Проживает больше людей, чем указано в договоре.
1;91;85,2;58,37;4;Тимофеев;09.02.2016;3;2;;Не открывает дверь сантехнику.
2;15;81,26;59,33;1;Парфенов;02.01.2016;5;0;;
4;78;56,38;48,24;4;Новикова;25.05.2019;4;2;Есть задолженность;Имеет домашних животных без разрешения.
3;34;48,43;30,73;4;Гайкин-Зажималкин;05.12.2024;3;2;Есть задолженность;Лживый.
3;39;60,99;46,26;1;Гаврилов;17.12.2016;1;0;;
5;80;96,84;64,01;2;Русаков;07.03.2019;5;2;Есть задолженность;Громко слушает музыку.
3;6;81,81;61,7;4;Карпов;10.11.2021;2;1;Есть задолженность;Неуравновешенный.
5;94;47,37;29,85;4;Агапов;14.07.2023;3;0;Есть задолженность;
3;55;45,66;38,32;2;Волков;08.02.2015;2;0;Есть задолженность;Инфантильный.
2;12;35,46;31,01;2;Кашина;20.06.2023;4;0;Есть задолженность;Ревнивый.
3;21;60,87;54,04;2;Покровская;30.10.2020;3;1;;Использует общие помещения не по назначению.
2;90;93,7;60,68;3;Лапшинов-Виселкин;27.03.2015;5;0;;Не уважает соседей.
5;77;56,77;43,47;4;Алексеева;14.03.2018;5;2;Есть задолженность;
2;76;52,46;35,6;1;Савельева;14.01.2021;3;0;;Самовлюбленный.
2;86;72,02;58,45;2;Кудрявцев;01.07.2015;1;0;Есть задолженность;Не соблюдает условия договора.
5;23;74,23;44,07;3;Мельникова;03.04.2015;4;2;Есть задолженность;Раздражительный.
2;93;32,89;29,11;1;Фомина;20.10.2020;4;1;;Не терпит замечаний.
1;53;65,15;38,11;2;Фокина;27.11.2022;1;0;;Не оплачивает вовремя квартплату.
1;94;76,66;47,99;2;Колесников;30.09.2016;4;0;;Болтливый.
4;59;77,01;61,17;3;Крюкова;08.07.2015;3;2;;
4;39;91,97;49,2;1;Славин;19.03.2016;3;1;;Необразованный.
2;83;51,01;43,78;2;Медведев-Косолапов;30.11.2019;1;0;;Расточительный.
2;32;34,63;19,14;3;Гусева;16.09.2023;2;0;Есть задолженность;Некомпетентный.
1;41;38,27;32,47;3;Бабич;23.11.2016;2;0;;Непослушный.
4;21;42,31;23,11;3;Кузнецов;09.09.2021;5;0;;Тревожный.
3;90;84,53;61,3;3;Шилова;10.10.2019;5;0;Есть задолженность;Ревнивый.
4;62;79,03;48,3;3;Юрьев;14.11.2015;3;2;Есть задолженность;Склочный.
4;21;73,82;49,81;2;Матвеева;11.09.2021;2;0;;Необразованный.
3;49;85,72;67,7;4;Панфилов;29.01.2023;3;0;;Слишком требовательный.
3;80;53,61;27,19;2;Гончаров;21.11.2021;2;1;;
3;97;84,74;44,55;4;Поляков;19.05.2020;2;0;Есть задолженность;Не уважает соседей.
4;39;32,54;25,6;3;Яковлева;01.02.2021;3;2;Есть задолженность;Невоспитанный.
1;11;64,79;43,09;2;Бородин-Бородатый;13.07.2024;4;2;;Не убирает за своими животными.
5;55;99,94;88,55;4;Яшин;17.02.2022;4;1;Есть задолженность;Неадекватный.
3;87;78,93;57,98;2;Васильева;02.02.2020;3;2;;Самодовольный.
2;72;97,65;50,19;1;Викторов;10.11.2016;3;1;Есть задолженность;Раздражительный.
1;26;80,12;59,21;3;Белозерова;24.06.2016;3;2;Есть задолженность;Лживый.
3;86;72,94;36,83;2;Кузнецов;04.10.2016;2;1;Есть задолженность;Лицемерный.
4;92;74,47;66,27;1;Хомяков-Щекастый;16.02.2020;5;2;;Лицемерный.
3;70;61,67;44,68;2;Королева;23.11.2020;3;1;;Скрывает проблемы.
2;5;39,58;19,97;4;Панкратов;02.11.2020;2;1;Есть задолженность;
1;99;58,03;43,31;4;Черникова;05.11.2017;1;0;;Обидчивый.
4;76;99,74;76,93;4;Панкратова;02.11.2023;5;2;Есть задолженность;Постоянно жалуется.
5;71;63,25;32,35;2;Соловьева;01.02.2022;5;2;Есть задолженность;
5;66;61,7;49,28;2;Хохлов;22.03.2016;2;0;;Бесчувственный.
4;72;92,1;56,22;4;Симонова;31.10.2016;2;1;;Угрюмый.
1;77;32,54;19,97;4;Абрамова;07.11.2017;5;0;Есть задолженность;Не уважает соседей.
1;15;60,78;35,19;3;Назаров;15.02.2023;3;0;;
5;10;52,22;37,69;3;Юрьева;09.12.2016;5;2;;Неблагодарный.
2;93;58,36;49,12;4;Тюрин;15.07.2022;3;2;Есть задолженность;Оскорбляет.
1;52;39,79;25,23;2;Щербакова;22.04.2019;5;2;Есть задолженность;Зависимый.
2;40;91,99;80,94;1;Белова;30.07.2023;4;0;Есть задолженность;
2;41;84,31;43,11;3;Морозова;03.08.2015;4;0;;Необразованный.
1;92;31,09;20,93;2;Сорокин;16.10.2024;5;0;;Забивает канализацию.
4;78;96,28;69,31;2;Соколова;13.11.2022;2;1;;
2;18;86,92;44,59;4;Белозерова;23.09.2020;1;0;;Лицемерный.
3;26;31,01;23,21;2;Королев;10.06.2019;1;0;;Очень шумный.
4;71;83,71;43,42;3;Чашкин-Наливашкин;30.10.2024;5;0;;Имеет домашних животных без разрешения.
3;74;46,91;39,19;4;Орлова;07.10.2019;3;1;;Несдержанный.
3;79;78,55;70,41;4;Богданов;14.09.2024;5;1;;Ленивый.
2;24;44,45;28,42;2;Киселев;08.10.2017;2;0;;Наглый.
5;50;67,34;47,24;1;Рыжова;09.01.2020;3;1;;Невоспитанный.
4;63;44,62;23,55;4;Боброва;27.05.2021;2;0;Есть задолженность;
1;31;48,73;34,57;1;Шилов;14.01.2020;2;1;;
3;64;67,23;50,43;2;Егорова;18.06.2019;5;0;Есть задолженность;Инфантильный.
3;53;73,51;58,85;1;Костин;08.08.2024;5;2;Есть задолженность;Непослушный.
2;77;98,57;71,95;1;Веселова;11.09.2024;1;0;Есть задолженность;Трусливый.
2;46;37,83;30,04;3;Хохлова;05.12.2018;5;0;;Проживает больше людей, чем указано в договоре.
5;78;96,27;61,27;1;Котова;19.01.2018;4;2;;Бесчувственный.
5;8;77,22;44,01;1;Колосов;07.06.2022;5;2;Есть задолженность;Не платит за ущерб.
5;71;72,53;62,67;1;Костина;18.06.2018;3;1;;Скрывает проблемы.
4;75;62,43;45,79;2;Сорокина;24.06.2017;3;1;Есть задолженность;Сквернословит.
3;9;65,31;38,55;4;Матвеев;26.01.2015;4;2;Есть задолженность;Не отвечает на звонки и сообщения.
3;65;45,73;35,67;1;Тюрин;24.02.2018;4;0;;Слишком требовательный.
1;6;92,65;71,23;4;Чехов;10.12.2023;1;0;Есть задолженность;Подлый.
1;66;99,19;77,53;3;Николаева;14.10.2021;1;0;;Не проявляет вежливости.
4;50;48,37;42,9;4;Казанцев;22.08.2016;1;0;;Раздражительный.
4;35;67,99;42,93;4;Пронкин;01.04.2017;5;1;Есть задолженность;Постоянно требует ремонт.
2;99;58,99;35,91;2;Борисова;19.06.2024;2;0;;Эгоист.
2;21;88,92;52,61;1;Бунин;30.01.2016;3;1;;
4;21;31,88;27,85;3;Игнатова;04.08.2022;5;1;Есть задолженность;
5;87;95,75;61,96;4;Тюрина;17.08.2015;3;1;;Не убирает за своими животными.
3;68;86,12;44,57;3;Борисова;11.09.2019;1;0;Есть задолженность;Не соблюдает условия договора.
5;3;59,62;35,75;2;Леонов;31.07.2015;4;2;Есть задолженность;Не оплачивает вовремя квартплату.
1;96;39,36;22,83;3;Хлебникова;15.09.2017;3;0;Есть задолженность;Постоянно конфликтует.
2;7;77,86;66,39;1;Белозеров;25.10.2023;2;0;;Не уважает соседей.
2;8;45,93;31,64;4;Осипова;18.03.2016;1;0;;Хитрый.
5;41;60,83;52,7;1;Ковалева;18.05.2018;3;1;Есть задолженность;Постоянно требует ремонт.
1;75;88,52;70,28;3;Соколов;29.12.2016;4;2;;Жадный.
5;9;71,87;36,85;1;Матвеева;30.04.2022;5;1;;Слишком часто принимает гостей.
5;38;64,89;54,65;3;Федосеев;24.06.2021;5;1;Есть задолженность;Угрюмый.
3;29;76,25;49,58;1;Горбунова;05.06.2020;1;0;;Громко слушает музыку.
4;28;36,07;30,07;4;Воробьев;15.05.2018;1;0;Есть задолженность;Расточительный.
3;63;30,15;17,93;4;Емельянов;28.02.2018;1;0;Есть задолженность;
2;56;83,46;57,36;1;Осипов;06.03.2020;4;1;Есть задолженность;Ленивый.
3;59;36,39;27,05;4;Колобова;29.10.2017;2;1;Есть задолженность;Непослушный.
5;12;57,32;44,12;1;Афанасьева;18.07.2023;3;2;Есть задолженность;Ворчливый.
5;23;64,34;36,07;2;Максимова;09.03.2023;1;0;;
4;57;58,3;37,46;3;Александров;28.08.2023;5;0;Есть задолженность;Беспринципный.
1;35;69,54;42,98;4;Юсупова;22.03.2021;1;0;Есть задолженность;Обманывает.
3;40;96,49;59,26;3;Осипов;06.07.2019;1;0;Есть задолженность;Мрачный.
3;12;80,47;44,05;3;Котлеткин-Жарелкин;29.08.2024;1;0;;Не обеспечивает безопасность.
1;5;66,75;35,79;1;Морозов;04.06.2015;4;0;;Навязчивый.
2;37;51,83;41,46;1;Юров;30.03.2022;4;0;;Не понимает по-хорошему.
2;84;98,66;49,78;2;Шарова;02.11.2015;2;1;;Непорядочный.
3;79;38,54;29,4;2;Титова;14.02.2016;2;1;;Очень шумный.
5;86;53,51;35,83;3;Баранова;20.04.2015;1;0;;Наглый.
2;46;61,03;34,47;1;Ручкин-Черкалкин;06.08.2018;3;0;Есть задолженность;
3;19;92,2;59,51;2;Панина;17.03.2022;1;0;;
5;88;54,2;46,14;4;Лукин;20.12.2018;2;0;;Постоянно жалуется.
4;38;77,03;51,13;3;Кузнецов;11.12.2023;4;0;;Пессимист.
3;12;53,03;45,73;2;Чернов;14.03.2019;2;1;;Некомпетентный.
3;68;46,7;33,55;4;Токарев;18.01.2018;1;0;;
5;42;94,7;64,94;3;Волкова;18.04.2019;5;1;;Мнительный.
5;1;96,78;66,54;2;Воронина;25.08.2023;1;0;;Упрямый.
1;26;76,29;40,46;2;Парфенов;21.01.2021;4;1;;Инфантильный.
1;37;49,85;41,22;2;Пронкин;24.04.2023;5;2;Есть задолженность;
2;86;35,24;25,5;4;Комаров-Пискунов;13.03.2015;3;0;Есть задолженность;Не отвечает на звонки и сообщения.
2;75;40,52;26,95;4;Комарова;17.02.2016;2;1;;
5;68;76,52;51,08;1;Богданов;03.10.2023;4;1;Есть задолженность;Закомплексованный.
2;33;68,12;57,74;2;Терехов;06.12.2021;4;2;Есть задолженность;Ворчливый.
4;61;87,61;52,09;3;Григорьева;27.07.2015;2;0;;Оскорбляет.
5;26;65,79;40,33;3;Яковлева;08.05.2022;4;0;;
4;26;62,91;53,28;4;Логинова;28.07.2018;3;1;Есть задолженность;
4;5;36,39;19,58;2;Тарелкин-Жрушкин;02.06.2018;3;0;;
2;67;56,19;43,01;2;Семенов;20.12.2017;2;1;Есть задолженность;Бессердечный.
2;33;73,97;49,64;2;Давыдов;04.04.2019;1;0;Есть задолженность;Имеет домашних животных без разрешения.
1;19;90,61;49,13;2;Козлова;05.10.2020;3;0;Есть задолженность;Пренебрежительный.
2;2;31,6;17,99;4;Самойлов;17.04.2017;3;1;;Расточительный.
4;31;91,06;66,78;1;Соколова;29.06.2018;4;1;Есть задолженность;Забивает канализацию.
2;26;43,98;37,16;2;Муравьев-Трудяжкин;29.11.2017;5;0;Есть задолженность;Пессимист.
1;13;56,86;39,96;4;Румянцева;29.10.2022;4;2;Есть задолженность;Разбросал вещи по всему дому.
5;23;56,86;31,74;4;Данилов;30.12.2022;4;1;Есть задолженность;Самовлюбленный.
1;36;82,59;43,8;3;Ильина;24.11.2024;4;0;;
2;99;45,95;26,27;3;Чернышева;07.02.2018;2;0;Есть задолженность;Необразованный.
4;10;94,62;69,35;4;Комарова;10.06.2024;4;2;Есть задолженность;Зависимый.
5;56;54,92;39,87;1;Юров;08.05.2015;1;0;Есть задолженность;Не соблюдает условия договора.
1;62;83,41;58,85;1;Иванова;26.11.2019;3;0;Есть задолженность;Самодовольный.
4;49;79,65;62,02;2;Фомина;11.10.2021;4;2;;
4;29;44,1;22,1;3;Кудрявцева;09.10.2018;1;0;Есть задолженность;Истеричный.
4;68;88;69,74;1;Тортиков-Объедалкин;13.09.2017;1;0;Есть задолженность;Невоспитанный.
2;58;37,49;24,78;1;Лосев;26.01.2020;5;2;Есть задолженность;Лживый.
3;50;58,79;31,34;4;Носов;15.01.2016;2;0;;Ворчливый.
3;24;45,55;24,7;4;Никитина;28.06.2019;1;0;Есть задолженность;Непорядочный.
2;52;86,56;74,06;3;Бурова;15.10.2017;5;1;;Курит в квартире.
1;81;40,44;26,57;3;Зимин;22.02.2018;5;1;;Подозрительный.
1;87;37,07;29,17;4;Терехова;27.11.2022;1;0;;Высокомерный.
5;88;93,91;63,7;1;Варламова;14.03.2017;2;1;Есть задолженность;Нетерпеливый.
1;52;32,11;23,47;4;Ковалев;09.02.2017;3;0;;Самовлюбленный.
1;3;55,91;28,29;4;Пряникин-Хрустелкин;04.12.2017;4;0;Есть задолженность;Агрессивный.
5;8;79,18;59,21;4;Галкин;08.09.2017;3;0;;Неуклюжий.
5;44;97,59;73,5;2;Григорьева;22.06.2018;4;1;;Невежливый.
1;54;40,6;20,65;3;Ершов;26.07.2020;4;2;Есть задолженность;
1;98;83,84;43,64;1;Костина;10.06.2023;5;0;Есть задолженность;Не проявляет вежливости.
1;45;76,6;48,93;2;Соколов;11.09.2022;3;1;Есть задолженность;
5;82;99,44;82,17;3;Семенов;06.11.2022;3;1;Есть задолженность;
4;94;40,21;26,74;3;Пузиков-Толстяков;17.04.2021;3;0;;Имеет домашних животных без разрешения.
5;46;38,45;25,1;2;Ежов;25.09.2018;1;0;Есть задолженность;Ворчливый.
3;31;69,68;49,17;1;Кулагин;05.01.2023;3;2;;
2;76;51,09;34,78;4;Панфилова;16.08.2020;5;1;;Склочный.
3;31;81,22;64,78;2;Романова;11.02.2018;3;2;;
5;88;76,98;51,33;4;Вишнякова;01.12.2024;2;0;Есть задолженность;Подозрительный.
2;22;83,77;47,46;2;Кузнецов;25.05.2021;1;0;Есть задолженность;
4;37;89,31;71,05;1;Кашин;11.12.2019;3;1;;Непорядочный.
1;8;97,13;71,23;3;Чубаров;26.12.2019;4;0;Есть задолженность;Не оплачивает вовремя квартплату.
1;15;62,52;54,59;1;Белкин-Скакунов;03.06.2015;3;1;;Часто забывает закрывать дверь.
3;11;98,98;58,43;4;Филиппова;10.09.2015;4;0;;
5;24;61,59;42,97;3;Третьяков;16.01.2021;4;0;;Невежливый.
4;39;60,18;42,99;3;Борисов;11.12.2020;2;1;;
1;95;36,06;24,7;2;Лебедева;31.05.2022;4;2;Есть задолженность;Часто забывает закрывать дверь.
2;96;79,55;66,35;4;Ветреный-Свистунов;10.12.2015;2;0;Есть задолженность;
1;51;87,15;68,83;1;Русакова;03.01.2021;5;1;Есть задолженность;Лживый.
4;38;63,86;48,48;4;Холодова;26.11.2024;2;1;Есть задолженность;Агрессивный.
5;84;57,25;45,09;4;Николаев;24.06.2017;5;1;;Инфантильный.
3;4;55,32;45,45;1;Толстая;25.06.2018;5;0;;Проживает больше людей, чем указано в договоре.
2;27;80,4;43,94;1;Волкова;22.02.2020;4;1;;Инфантильный.
3;75;34,6;20,67;4;Вязова;27.09.2015;4;2;;Бессердечный.
4;50;67,49;34,57;4;Моисеев;10.07.2023;4;2;Есть задолженность;Обидчивый.
3;61;76,52;42,24;2;Скворцов;03.08.2017;2;1;Есть задолженность;Раздражительный.
3;45;98,64;50,25;4;Дмитриев;25.01.2021;5;1;Есть задолженность;
1;75;79,49;45,83;3;Андреев;20.04.2022;2;0;;
2;16;43,05;26,49;1;Бунин;09.11.2017;5;2;Есть задолженность;Подозрительный.
2;38;98,7;65,24;1;Молчанова;28.06.2022;5;1;;Не понимает по-хорошему.
3;59;67,44;51,6;3;Харин;24.05.2022;5;0;Есть задолженность;Мелочный.
2;95;78,22;50;1;Данилов;26.10.2017;5;1;Есть задолженность;Закомплексованный.
5;28;46,61;36,41;4;Давыдов;27.11.2022;3;2;;Обидчивый.
1;44;34,64;27,6;2;Емельянова;19.10.2023;1;0;Есть задолженность;Пытается переложить свою вину на других.
2;29;44,77;39,17;2;Козлов-Бодалов;19.04.2016;2;0;;Неблагодарный.
1;45;90,89;58,68;2;Тарасов;16.10.2018;1;0;;Самовлюбленный.
4;14;73,53;65,9;2;Потапов;23.04.2023;1;0;Есть задолженность;
1;63;34,07;30,16;1;Щукина;24.01.2017;5;1;;Непослушный.
4;49;34,15;27,89;4;Свиньин-Хрюков;24.02.2021;2;0;Есть задолженность;Зануда.
2;80;38,34;25,97;2;Михайлов;08.07.2022;3;1;;Лицемерный.
5;35;84,01;42,46;1;Быкова;30.07.2020;5;2;Есть задолженность;Нетерпеливый.
4;46;73,73;45,84;3;Филиппов;08.12.2017;1;0;;Рассеянный.
4;32;49,93;28,36;3;Павлова;03.08.2023;2;1;Есть задолженность;Пытается переложить свою вину на других.
2;9;94,48;74,01;4;Ермакова;24.01.2016;5;0;;Портит имущество.
1;68;58;35,69;1;Сосисочкин-Кусачкиных;23.09.2015;4;0;;Регулярно устраивает вечеринки.
1;73;58,5;31,35;1;Быкова;10.02.2023;3;2;Есть задолженность;Расточительный.
4;63;65,63;33,85;3;Давыдов;18.11.2024;1;0;;Сквернословит.
2;52;47,68;31,77;4;Васильева;30.05.2022;3;2;;
3;25;76,55;58,62;3;Котлеткин-Жарелкин;24.09.2015;1;0;Есть задолженность;
1;12;73,91;39,87;2;Хлебникова;28.03.2016;5;0;Есть задолженность;Громко слушает музыку.
5;51;81,66;47,85;2;Печенькин-Разгрызкиных;09.01.2020;2;0;;
5;89;33,53;27,66;3;Савельев;25.04.2021;3;0;Есть задолженность;Слишком часто принимает гостей.
3;51;70,76;57,38;2;Воронин;03.06.2016;2;1;Есть задолженность;Наглый.
4;37;81,33;52,24;4;Буров;14.05.2024;1;0;;Скрывает проблемы.
4;20;62,41;41,26;1;Доронин;19.12.2018;1;0;;Ревнивый.
2;68;48,77;41,44;1;Антонов;30.01.2021;5;2;Есть задолженность;
3;29;40,08;33;1;Емельянов;09.03.2019;4;2;;Непредсказуемый.
1;84;91,55;52,65;1;Макарова;08.11.2023;1;0;Есть задолженность;Зануда.
1;51;52,41;36,95;2;Калмыков;08.08.2020;5;0;;Ведет себя агрессивно.
4;35;32,74;16,6;1;Панфилов;24.12.2020;5;2;Есть задолженность;
1;12;57,45;49,72;2;Дмитриева;08.12.2016;2;1;Есть задолженность;Не пунктуальный.
3;74;92,18;60,3;3;Виноградова;24.09.2015;1;0;Есть задолженность;Мрачный.
1;33;82,99;45,78;3;Герасимов;08.04.2024;2;1;Есть задолженность;Ленивый.
4;76;72,18;44,56;2;Вишняков;04.11.2021;2;0;Есть задолженность;Ленивый.
4;29;63,48;52,82;4;Уткин-Кряков;07.10.2020;3;0;;Самодовольный.
4;56;45,47;28,72;1;Быкова;02.05.2021;2;0;;Оскорбляет.
1;42;94,19;67,92;3;Сидорова;09.03.2015;5;2;Есть задолженность;
1;54;35,13;19,29;4;Дмитриева;25.06.2016;4;1;;Нетерпеливый.
1;32;32,86;21,25;3;Попов;02.04.2015;5;0;Есть задолженность;Некоммуникабельный.
4;25;53,05;31,11;1;Мышкин-Пискунчик;28.03.2018;5;2;;Регулярно устраивает вечеринки.
3;93;30,8;17,04;4;Фокина;16.12.2024;5;2;;Забывчивый.
5;14;69,79;62,03;2;Леонова;06.11.2024;1;0;Есть задолженность;
2;26;39,07;33,64;3;Смирнов;02.12.2016;4;0;Есть задолженность;Рассеянный.
5;38;40,22;34,62;2;Вишнякова;23.07.2020;5;2;;Не соблюдает правила дома.
2;31;45,34;40,59;1;Новикова;31.12.2018;1;0;Есть задолженность;Не терпит замечаний.
4;6;66,95;48,71;3;Емельянов;27.02.2024;5;1;Есть задолженность;Обманывает.
2;82;55,68;40,88;4;Сапожкин-Топалкин;26.11.2022;5;0;;Постоянно жалуется.
4;48;74,93;55,72;1;Белкин-Скакунов;18.05.2015;4;2;Есть задолженность;Не проветривает помещение.
5;72;81,74;70,41;4;Черных;13.08.2017;5;0;;Не проявляет вежливости.
1;33;77,42;41,04;3;Лосев;04.02.2020;5;1;Есть задолженность;Очень шумный.
1;6;49,78;36,05;4;Павлова;22.03.2023;4;0;;Подозрительный.
2;52;98,92;86,97;1;Рожкова;09.07.2022;1;0;;Завистливый.
5;43;82,6;66,1;3;Фомичев;18.10.2024;4;0;;Необразованный.
4;60;75,36;55,09;3;Казанцев;24.07.2020;5;1;Есть задолженность;Не открывает дверь сантехнику.
4;56;33,48;26,38;1;Агапова;10.10.2018;5;1;;Не терпит замечаний.
4;64;47,38;33,96;1;Денисова;03.03.2022;1;0;;
4;77;73,73;38,77;2;Ершова;04.02.2017;2;1;Есть задолженность;Слишком требовательный.
3;91;36,39;32,24;4;Кузьмина;26.10.2019;3;1;Есть задолженность;
4;97;33,01;29,42;3;Богданов;19.12.2021;1;0;;Пренебрежительный.
1;45;42,35;31,23;1;Анисимов;13.02.2017;2;0;;
4;80;81,17;65,84;1;Авдеева;14.10.2019;2;0;;Слишком часто принимает гостей.
5;91;43,84;29,51;4;Волкова;18.04.2021;5;1;;
4;95;78,47;63,64;1;Гайкин-Зажималкин;20.02.2021;3;1;;Ревнивый.
2;12;42,7;30,43;2;Майкин-Одевашкин;01.08.2019;5;0;;Использует общие помещения не по назначению.
1;54;36,99;22,4;2;Панов;11.04.2019;4;1;;Самодовольный.
4;60;46,31;36,3;2;Карманов-Хранилищев;10.03.2024;5;2;Есть задолженность;Скрывает проблемы.
2;25;76,75;49,6;2;Шилов;23.03.2017;2;1;Есть задолженность;Мелочный.
4;40;59,08;36,82;4;Носов;24.12.2015;3;2;;Забивает канализацию.
5;99;92,97;60,41;1;Шилова;10.06.2019;3;2;Есть задолженность;Хитрый.
2;56;90,4;54,21;3;Соловьев;22.05.2023;3;0;;Непорядочный.
5;71;93,26;79,46;1;Фомин;26.06.2020;2;0;;Упрямый.
1;22;40,31;23,29;1;Степанова;04.12.2018;4;2;;Бесчувственный.
4;77;95,92;78,06;1;Ластиков-Стиралкин;28.10.2022;5;2;Есть задолженность;Странный.
4;65;95,59;61,21;2;Уткин;19.09.2020;2;0;Есть задолженность;
2;6;50,29;26,05;4;Герасимова;30.01.2024;4;0;Есть задолженность;Нетерпеливый.
1;8;40,77;34,41;1;Потапов;08.12.2024;4;0;Есть задолженность;Лицемерный.
1;6;36,37;30,79;1;Юдина;15.12.2024;4;0;;Завистливый.
1;3;78,74;70,43;1;Соболева;05.12.2023;5;1;;Портит имущество.
1;89;71,42;54,45;4;Кузьмин;30.06.2020;2;0;;Агрессивный.
5;49;39,66;23,39;3;Нестеров;25.03.2022;3;2;Есть задолженность;Неаккуратный.
2;84;50,45;40,49;3;Вареньев-Мазалкин;21.03.2015;5;0;Есть задолженность;Не уважает соседей.
4;1;41,98;21,27;4;Кудрявцев;02.02.2023;4;2;;Не уважает соседей.
2;24;89,27;79,09;2;Морозов;24.09.2016;4;2;;Слишком требовательный.
4;83;58,35;48,43;2;Козлов;07.03.2018;1;0;;Пытается переложить свою вину на других.
2;38;73,41;46,19;4;Варламов;20.03.2015;5;0;Есть задолженность;Некомпетентный.
4;92;36,69;23,38;3;Ласковый-Мурчалкин;02.10.2024;4;1;Есть задолженность;Безответственный.
1;39;71,96;61,71;2;Юров;12.06.2021;3;0;Есть задолженность;Инфантильный.
1;23;86;55,91;4;Беляков;04.05.2015;1;0;Есть задолженность;Необразованный.
1;80;37,33;31,7;3;Волков;30.04.2019;2;0;;Беспринципный.
5;25;41,9;36,69;2;Алексеева;06.08.2022;4;2;;Странный.
3;88;49,37;25,61;2;Харина;23.11.2024;5;0;;Обманывает.
5;58;50,81;29,37;2;Макаров;21.03.2017;2;0;;Неаккуратный.
2;9;61,97;39,92;4;Ильин;22.09.2022;2;0;;Громко слушает музыку.
2;23;57,68;41,34;2;Якушев;12.04.2016;1;0;Есть задолженность;
2;65;40,74;33,79;2;Соловьев;24.07.2015;1;0;Есть задолженность;Подлый.
4;3;32,71;28,94;2;Блохина;07.12.2022;4;2;;Слишком требовательный.
5;64;94,96;69,5;3;Матвеева;05.01.2024;2;0;;Портит имущество.
5;89;37,92;30,11;1;Иванова;20.12.2020;3;0;;
2;65;46,25;36,84;2;Рыбакова;04.02.2023;1;0;Есть задолженность;
3;92;53,26;47,09;3;Калашникова;26.04.2020;3;2;Есть задолженность;Подозрительный.
5;94;46,55;36,55;3;Чернова;19.09.2018;4;0;Есть задолженность;Лицемерный.
1;77;73,89;45,48;4;Осипов;03.08.2018;2;1;;Курит в квартире.
1;71;60,84;50,12;3;Фокин;31.05.2017;2;0;Есть задолженность;Зависимый.
5;26;35,38;29,14;2;Виноградов;29.07.2024;1;0;Есть задолженность;
4;31;48,94;33,24;2;Ермакова;21.04.2022;3;2;Есть задолженность;
3;1;59,02;42,03;3;Покровский;11.06.2024;2;1;;Не открывает дверь сантехнику.
3;79;54,95;36,37;2;Юрьева;18.12.2022;1;0;Есть задолженность;Беспринципный.
3;33;36,18;24,68;2;Ермакова;02.02.2016;1;0;Есть задолженность;Не соблюдает правила дома.
5;80;51,26;28,35;4;Белов;23.11.2018;3;1;Есть задолженность;Слишком требовательный.
4;23;67,84;46,69;3;Федорова;27.03.2017;3;1;Есть задолженность;
1;19;98,96;56,11;2;Вдовин;26.01.2016;4;1;;Непослушный.
5;82;63,08;51,02;3;Галкина;17.07.2016;5;2;;
3;57;53,42;31,64;2;Яковлева;07.01.2016;1;0;;
3;95;88,53;54,1;1;Потапова;04.08.2015;5;0;;Не отвечает на звонки и сообщения.
2;57;62,96;55,86;4;Шульгина;12.08.2021;4;0;;Угрюмый.
4;70;77,87;49,31;4;Власов;04.12.2022;2;1;Есть задолженность;Невежливый.
4;66;56,21;29,92;3;Калмыкова;22.02.2018;5;2;Есть задолженность;Хитрый.
1;78;65,72;33,92;4;Елисеев;14.01.2022;2;0;Есть задолженность;Грязнуля.
1;9;38,64;21,67;4;Васильева;14.02.2018;1;0;;Истеричный.
3;20;34,6;30,63;3;Дмитриев;05.09.2016;3;2;Есть задолженность;Мрачный.
2;39;53,95;44,45;1;Собакин-Гавкалов;31.03.2016;2;1;Есть задолженность;Не выносит мусор регулярно.
1;73;39,29;30,91;1;Пахомова;29.11.2017;4;2;;Подозрительный.
2;86;35,02;26,42;3;Терентьев;27.02.2016;3;0;Есть задолженность;Пугливый.
4;42;54,26;34,48;2;Герасимов;23.07.2020;2;1;Есть задолженность;Курит в квартире.
2;42;67,81;54,12;3;Сергеев;01.02.2018;5;1;Есть задолженность;Упрямый.
2;57;63,07;42,01;4;Жуков;30.12.2016;3;2;;
5;36;45,22;40,06;3;Молчанов;27.02.2021;5;1;;
5;90;80,77;40,47;1;Гусева;17.10.2015;2;1;Есть задолженность;
2;35;94,72;76,9;4;Хохлова;04.04.2018;3;1;Есть задолженность;Зануда.
2;54;31,31;17,79;3;Королев;16.07.2019;4;0;;Пытается переложить свою вину на других.
4;50;44,46;32,56;4;Лукин;12.10.2020;4;0;;Некомпетентный.
2;46;83,04;55,97;3;Осипов;04.08.2020;4;2;;Оскорбляет.
1;27;45,05;22,97;1;Родионов;07.06.2021;5;2;Есть задолженность;
4;24;36,67;23,56;3;Козлов;03.08.2016;4;1;;Забывчивый.
5;40;85,27;52,6;4;Уваров;24.05.2016;1;0;;Бесчувственный.
5;55;43,04;28,96;2;Гусев-Крякалкин;01.09.2020;3;1;Есть задолженность;Пытается переложить свою вину на других.
4;41;70,01;47,28;1;Чистяков;20.01.2019;3;2;Есть задолженность;Ведет себя агрессивно.
2;31;90,12;46,84;4;Морозов;29.03.2023;1;0;;Нетерпеливый.
4;58;66,49;44,84;2;Панин;18.06.2020;1;0;;Не идет на контакт.
3;43;57,61;40,72;3;Шилов;28.03.2019;1;0;Есть задолженность;
3;33;93,7;53,39;4;Волков-Завывайлов;08.04.2016;4;0;Есть задолженность;Сквернословит.
3;66;48,69;25,23;2;Карпова;06.04.2019;1;0;Есть задолженность;
3;47;47,53;30,38;1;Воробьева;20.07.2022;2;1;Есть задолженность;Бестактный.
4;11;70,4;55,97;4;Путин;03.09.2021;5;2;Есть задолженность;Портит имущество.
4;13;37,85;23,84;3;Панкратов;17.09.2022;4;2;;Постоянно жалуется.
2;47;82,68;72,57;3;Рыбаков;06.01.2019;1;0;Есть задолженность;
4;45;92,17;49,38;2;Козлов-Бодалов;20.10.2015;4;0;Есть задолженность;Подозрительный.
4;65;39,14;23,56;4;Волкова;13.03.2020;2;1;;Не проветривает помещение.
5;84;33,18;16,6;2;Емельянов;04.11.2020;5;2;Есть задолженность;Некомпетентный.
2;99;89,79;49,85;2;Николаев;05.05.2022;5;2;;Регулярно устраивает вечеринки.
5;55;31,72;26,01;2;Федоров;31.01.2018;4;2;Есть задолженность;
3;87;72,19;36,85;3;Белова;19.08.2018;4;0;Есть задолженность;Грязнуля.
4;57;47,59;41,14;3;Титова;09.06.2015;2;1;Есть задолженность;Агрессивный.
3;24;57,27;39,17;3;Ковалев;27.04.2019;2;0;;
4;50;93,79;60,38;1;Муравьев-Трудяжкин;03.02.2022;5;0;;Нервный.
1;91;93,88;70,15;4;Калмыкова;13.07.2022;1;0;Есть задолженность;Несдержанный.
4;45;52,09;42,82;1;Овчинников;10.02.2023;4;1;;
1;46;54,25;44,99;4;Матюшина;07.08.2018;5;0;;Тревожный.
4;40;79,14;52,99;2;Леонова;14.09.2020;4;1;;Слишком часто принимает гостей.
1;71;33,18;22,16;3;Носова;19.11.2023;1;0;;Не следит за порядком в квартире.
3;26;80,9;46,01;4;Фомина;18.04.2019;4;1;;Ленивый.
2;53;49,43;37,5;4;Колесникова;04.12.2021;5;1;;Непорядочный.
2;25;59,26;49,1;4;Зайцева;31.12.2014;1;0;;Нервный.
3;92;97,77;74,59;3;Фомин;01.07.2017;5;2;;
4;83;87,72;48,16;2;Комаров;07.10.2015;2;1;Есть задолженность;Бессердечный.
5;13;74,35;38,27;4;Чубаров;01.04.2022;2;1;;Пытается переложить свою вину на других.
3;27;44,52;30,49;3;Кулаков;16.08.2021;1;0;Есть задолженность;
2;45;98,23;77,71;4;Юрова;20.05.2020;4;1;;
5;96;40,25;20,72;1;Титов;03.04.2018;4;0;Есть задолженность;Не проветривает помещение.
1;17;56,2;43,36;3;Кузнецов;07.08.2015;2;0;;Нетерпеливый.
3;15;94,25;84,08;3;Шарова;19.09.2019;2;0;Есть задолженность;Сквернословит.
4;40;55,8;48,84;1;Рогожина;23.06.2018;5;2;;Не терпит замечаний.
4;19;95,39;83,05;2;Дмитриева;17.02.2015;3;0;Есть задолженность;
3;19;85,66;61,84;1;Зуева;24.12.2016;2;1;Есть задолженность;
5;15;60,75;42,32;1;Сорокина;11.09.2018;4;0;Есть задолженность;Не соблюдает правила тишины.
4;91;90,23;58,65;4;Матвеева;27.07.2015;4;1;;Портит имущество.
5;20;31,3;15,8;1;Ершова;24.03.2024;4;1;;Не терпит замечаний.
3;99;54,03;46,84;3;Новиков;29.03.2020;2;1;Есть задолженность;Непослушный.
3;82;97,86;67,55;1;Путин;25.11.2018;1;0;;Неуравновешенный.
5;2;82,92;58,62;3;Соколова;13.02.2018;5;2;;
5;75;77,66;61,22;4;Крылов;15.07.2019;3;2;Есть задолженность;Ворчливый.
5;42;43,14;36,01;3;Шульгина;03.02.2017;3;0;Есть задолженность;Не выносит мусор регулярно.
1;95;59,56;43,79;3;Громова;13.05.2015;3;2;;Бесчувственный.
1;20;44,45;31,63;4;Громова;24.11.2015;1;0;Есть задолженность;Громко слушает музыку.
2;64;31,22;26,08;4;Шишкина;24.01.2024;5;2;Есть задолженность;
2;87;91,04;49,07;4;Михайлов;05.06.2016;4;0;Есть задолженность;Постоянно жалуется.
4;36;85,59;59,69;4;Сидоров;30.09.2021;1;0;Есть задолженность;Громко слушает музыку.
2;26;86,97;55,33;3;Харитонов;19.04.2024;2;1;Есть задолженность;Некоммуникабельный.
3;49;68,43;55,59;1;Некрасов;08.10.2017;1;0;;Не убирает за своими животными.
4;53;48,54;43,2;1;Кузнецова;08.03.2018;3;2;Есть задолженность;Не идет на контакт.
3;58;32,8;20,01;2;Комаров-Пискунов;21.01.2020;5;0;Есть задолженность;Хитрый.
3;79;60,44;48,02;1;Попова;23.12.2015;5;2;;Грязнуля.
2;20;99,81;77,45;1;Крюков;02.10.2024;3;1;;Невоспитанный.
1;94;39,26;31,65;4;Михайлова;09.08.2022;3;2;Есть задолженность;Грубый.
1;7;38,14;20,91;3;Усов;15.09.2020;1;0;;Не оплачивает вовремя квартплату.
4;12;43,65;37,93;2;Ручкин-Черкалкин;21.02.2017;2;0;;Необразованный.
5;79;41,12;28,98;1;Антонов;21.06.2023;1;0;Есть задолженность;Лицемерный.
2;85;42,97;22,98;2;Светлова;06.10.2017;2;1;Есть задолженность;Истеричный.
3;46;34,16;29,84;4;Давыдова;24.01.2020;3;1;Есть задолженность;
1;91;36,71;21,59;3;Орлова;20.05.2018;3;0;;Проживает больше людей, чем указано в договоре.
5;53;40,39;31,16;3;Воробьева;29.07.2022;5;1;Есть задолженность;Ленивый.
5;52;54,19;29,18;3;Маркова;01.08.2023;2;0;Есть задолженность;Постоянно конфликтует.
2;3;61,19;43,25;1;Гришин;24.07.2019;5;1;Есть задолженность;Хитрый.
1;48;36,98;22,99;4;Кириллова;28.11.2017;4;2;;Обидчивый.
5;91;79,15;46,47;3;Зайцев-Попрыгайцев;22.09.2020;1;0;Есть задолженность;Невежливый.
2;83;48,25;29,47;3;Черных;20.06.2020;3;2;;Не терпит замечаний.
3;19;41;25,22;2;Лихачева;02.02.2023;4;0;Есть задолженность;Постоянно требует ремонт.
2;84;53,21;41,19;4;Ершов;04.05.2015;2;0;;
3;37;80,36;69,08;4;Березкиных-Зеленый;17.06.2016;2;0;Есть задолженность;Грязнуля.
1;77;31,38;23,14;2;Калинин;25.01.2023;1;0;;Постоянно требует ремонт.
1;49;60,37;50,61;1;Цветков;21.09.2016;3;1;Есть задолженность;Забывчивый.
4;41;53,93;33,61;4;Якушева;04.09.2019;1;0;Есть задолженность;Не обеспечивает безопасность.
3;27;58,88;52,5;2;Гвоздиков-Забивальцев;18.05.2020;3;0;;Очень шумный.
5;29;70,21;44,17;2;Тарасов;03.04.2024;5;1;;Подозрительный.
